id,sector_key,scientific_name,authorship,rank,code,nom_status,type,candidatus,notho,uninomial,genus,infrageneric_epithet,specific_epithet,infraspecific_epithet,cultivar_epithet,basionym_authors,basionym_ex_authors,basionym_year,combination_authors,combination_ex_authors,combination_year,sanctioning_author,published_in_id,published_in_page,published_in_page_link,nomenclatural_note,unparsed,remarks,link
224,,Alexandromys,,GENUS,,,SCIENTIFIC,f,,Alexandromys,,,,,,{},{},,{},{},,,,,,,,,
227,,Alexandromys oeconomus,"(Pallas, 1776)",SPECIES,ZOOLOGICAL,,SCIENTIFIC,f,,,Alexandromys,,oeconomus,,,{Pallas},{},1776,{},{},,,,,,,,,
225,,Alexandromys oeconomus arenicola,"(de Sélys-Longchamps, 1841)",SUBSPECIES,ZOOLOGICAL,,SCIENTIFIC,f,,,Alexandromys,,oeconomus,arenicola,,"{""de Sélys-Longchamps""}",{},1841,{},{},,,,,,,,,
255,,Apodemus,,GENUS,,,SCIENTIFIC,f,,Apodemus,,,,,,{},{},,{},{},,,,,,,,,
256,,Apodemus flavicollis,"(Melchior, 1834)",SPECIES,ZOOLOGICAL,,SCIENTIFIC,f,,,Apodemus,,flavicollis,,,{Melchior},{},1834,{},{},,,,,,,,,
257,,Apodemus sylvaticus,"(Linnaeus, 1758)",SPECIES,ZOOLOGICAL,,SCIENTIFIC,f,,,Apodemus,,sylvaticus,,,{Linnaeus},{},1758,{},{},,,,,,,,,
2,,Artiodactyla,,ORDER,,,SCIENTIFIC,f,,Artiodactyla,,,,,,{},{},,{},{},,,,,,,,,
229,,Arvicola,,GENUS,,,SCIENTIFIC,f,,Arvicola,,,,,,{},{},,{},{},,,,,,,,,
230,,Arvicola amphibius,"Linnaeus, 1758",SPECIES,ZOOLOGICAL,,SCIENTIFIC,f,,,Arvicola,,amphibius,,,{},{},,{Linnaeus},{},1758,,,,,,,,
231,,Arvicola scherman,"Shaw, 1801",SPECIES,ZOOLOGICAL,,SCIENTIFIC,f,,,Arvicola,,scherman,,,{},{},,{Shaw},{},1801,,,,,,,,
232,,Arvicola terrestris,"Linnaeus, 1758",SPECIES,ZOOLOGICAL,,SCIENTIFIC,f,,,Arvicola,,terrestris,,,{},{},,{Linnaeus},{},1758,,,,,,,,
95,,Balaena,,GENUS,,,SCIENTIFIC,f,,Balaena,,,,,,{},{},,{},{},,,,,,,,,
96,,Balaena mysticetus,"Linnaeus, 1758",SPECIES,ZOOLOGICAL,,SCIENTIFIC,f,,,Balaena,,mysticetus,,,{},{},,{Linnaeus},{},1758,,,,,,,,
94,,Balaenidae,,FAMILY,,,SCIENTIFIC,f,,Balaenidae,,,,,,{},{},,{},{},,,,,,,,,
98,,Balaenoptera,,GENUS,,,SCIENTIFIC,f,,Balaenoptera,,,,,,{},{},,{},{},,,,,,,,,
99,,Balaenoptera acutorostrata,"Lacépède, 1804",SPECIES,ZOOLOGICAL,,SCIENTIFIC,f,,,Balaenoptera,,acutorostrata,,,{},{},,{Lacépède},{},1804,,,,,,,,
100,,Balaenoptera borealis,"Lesson, 1828",SPECIES,ZOOLOGICAL,,SCIENTIFIC,f,,,Balaenoptera,,borealis,,,{},{},,{Lesson},{},1828,,,,,,,,
101,,Balaenoptera musculus,"(Linnaeus, 1758)",SPECIES,ZOOLOGICAL,,SCIENTIFIC,f,,,Balaenoptera,,musculus,,,{Linnaeus},{},1758,{},{},,,,,,,,,
102,,Balaenoptera physalus,"(Linnaeus, 1758)",SPECIES,ZOOLOGICAL,,SCIENTIFIC,f,,,Balaenoptera,,physalus,,,{Linnaeus},{},1758,{},{},,,,,,,,,
97,,Balaenopteridae,,FAMILY,,,SCIENTIFIC,f,,Balaenopteridae,,,,,,{},{},,{},{},,,,,,,,,
159,,Barbastella,,GENUS,,,SCIENTIFIC,f,,Barbastella,,,,,,{},{},,{},{},,,,,,,,,
160,,Barbastella barbastellus,"(Schreber, 1774)",SPECIES,ZOOLOGICAL,,SCIENTIFIC,f,,,Barbastella,,barbastellus,,,{Schreber},{},1774,{},{},,,,,,,,,
6,,Bison bonasus,"(Linnaeus, 1758)",SPECIES,ZOOLOGICAL,,SCIENTIFIC,f,,,Bison,,bonasus,,,{Linnaeus},{},1758,{},{},,,,,,,,,
4,,Bos,,GENUS,,,SCIENTIFIC,f,,Bos,,,,,,{},{},,{},{},,,,,,,,,
5,,Bos bonasus,"Linnaeus, 1758",SPECIES,ZOOLOGICAL,,SCIENTIFIC,f,,,Bos,,bonasus,,,{},{},,{Linnaeus},{},1758,,,,,,,,
3,,Bovidae,,FAMILY,,,SCIENTIFIC,f,,Bovidae,,,,,,{},{},,{},{},,,,,,,,,
267,,Callosciurus,,GENUS,,,SCIENTIFIC,f,,Callosciurus,,,,,,{},{},,{},{},,,,,,,,,
268,,Callosciurus erythraeus,"(Pallas, 1779)",SPECIES,ZOOLOGICAL,,SCIENTIFIC,f,,,Callosciurus,,erythraeus,,,{Pallas},{},1779,{},{},,,,,,,,,
25,,Canidae,,FAMILY,,,SCIENTIFIC,f,,Canidae,,,,,,{},{},,{},{},,,,,,,,,
26,,Canis,,GENUS,,,SCIENTIFIC,f,,Canis,,,,,,{},{},,{},{},,,,,,,,,
27,,Canis aureus,"(Linnaeus, 1758)",SPECIES,ZOOLOGICAL,,SCIENTIFIC,f,,,Canis,,aureus,,,{Linnaeus},{},1758,{},{},,,,,,,,,
28,,Canis lupus,"Linnaeus, 1758",SPECIES,ZOOLOGICAL,,SCIENTIFIC,f,,,Canis,,lupus,,,{},{},,{Linnaeus},{},1758,,,,,,,,
12,,Capreolus,,GENUS,,,SCIENTIFIC,f,,Capreolus,,,,,,{},{},,{},{},,,,,,,,,
13,,Capreolus capreolus,"(Linnaeus, 1758)",SPECIES,ZOOLOGICAL,,SCIENTIFIC,f,,,Capreolus,,capreolus,,,{Linnaeus},{},1758,{},{},,,,,,,,,
24,,Carnivora,,ORDER,,,SCIENTIFIC,f,,Carnivora,,,,,,{},{},,{},{},,,,,,,,,
220,,Castor,,GENUS,,,SCIENTIFIC,f,,Castor,,,,,,{},{},,{},{},,,,,,,,,
221,,Castor canadensis,"(Kuhl, 1820)",SPECIES,ZOOLOGICAL,,SCIENTIFIC,f,,,Castor,,canadensis,,,{Kuhl},{},1820,{},{},,,,,,,,,
222,,Castor fiber,"Linnaeus, 1758",SPECIES,ZOOLOGICAL,,SCIENTIFIC,f,,,Castor,,fiber,,,{},{},,{Linnaeus},{},1758,,,,,,,,
219,,Castoridae,,FAMILY,,,SCIENTIFIC,f,,Castoridae,,,,,,{},{},,{},{},,,,,,,,,
11,,Cervidae,,FAMILY,,,SCIENTIFIC,f,,Cervidae,,,,,,{},{},,{},{},,,,,,,,,
14,,Cervus,,GENUS,,,SCIENTIFIC,f,,Cervus,,,,,,{},{},,{},{},,,,,,,,,
15,,Cervus elaphus,"Linnaeus, 1758",SPECIES,ZOOLOGICAL,,SCIENTIFIC,f,,,Cervus,,elaphus,,,{},{},,{Linnaeus},{},1758,,,,,,,,
16,,Cervus nippon,"Temminck, 1838",SPECIES,ZOOLOGICAL,,SCIENTIFIC,f,,,Cervus,,nippon,,,{},{},,{Temminck},{},1838,,,,,,,,
93,,Cetacea,,ORDER,,,SCIENTIFIC,f,,Cetacea,,,,,,{},{},,{},{},,,,,,,,,
153,,Chiroptera,,ORDER,,,SCIENTIFIC,f,,Chiroptera,,,,,,{},{},,{},{},,,,,,,,,
241,,Clethrionomys glareolus,"(Schreber, 1780)",SPECIES,ZOOLOGICAL,,SCIENTIFIC,f,,,Clethrionomys,,glareolus,,,{Schreber},{},1780,{},{},,,,,,,,,
223,,Cricetidae,,FAMILY,,,SCIENTIFIC,f,,Cricetidae,,,,,,{},{},,{},{},,,,,,,,,
233,,Cricetus,,GENUS,,,SCIENTIFIC,f,,Cricetus,,,,,,{},{},,{},{},,,,,,,,,
234,,Cricetus cricetus,"(Linnaeus, 1758)",SPECIES,ZOOLOGICAL,,SCIENTIFIC,f,,,Cricetus,,cricetus,,,{Linnaeus},{},1758,{},{},,,,,,,,,
200,,Crocidura,,GENUS,,,SCIENTIFIC,f,,Crocidura,,,,,,{},{},,{},{},,,,,,,,,
201,,Crocidura leucodon,"(Hermann, 1780)",SPECIES,ZOOLOGICAL,,SCIENTIFIC,f,,,Crocidura,,leucodon,,,{Hermann},{},1780,{},{},,,,,,,,,
202,,Crocidura russula,"(Hermann, 1780)",SPECIES,ZOOLOGICAL,,SCIENTIFIC,f,,,Crocidura,,russula,,,{Hermann},{},1780,{},{},,,,,,,,,
43,,Cynictis,,GENUS,,,SCIENTIFIC,f,,Cynictis,,,,,,{},{},,{},{},,,,,,,,,
44,,Cynictis penicillata,"(Cuvier, 1829)",SPECIES,ZOOLOGICAL,,SCIENTIFIC,f,,,Cynictis,,penicillata,,,{Cuvier},{},1829,{},{},,,,,,,,,
269,,Cynomys,,GENUS,,,SCIENTIFIC,f,,Cynomys,,,,,,{},{},,{},{},,,,,,,,,
270,,Cynomys ludovicianus,"Ord, 1815",SPECIES,ZOOLOGICAL,,SCIENTIFIC,f,,,Cynomys,,ludovicianus,,,{},{},,{Ord},{},1815,,,,,,,,
74,,Cystophora,,GENUS,,,SCIENTIFIC,f,,Cystophora,,,,,,{},{},,{},{},,,,,,,,,
75,,Cystophora cristata,"(Erxleben, 1777)",SPECIES,ZOOLOGICAL,,SCIENTIFIC,f,,,Cystophora,,cristata,,,{Erxleben},{},1777,{},{},,,,,,,,,
17,,Dama,,GENUS,,,SCIENTIFIC,f,,Dama,,,,,,{},{},,{},{},,,,,,,,,
18,,Dama dama,"(Linnaeus, 1758)",SPECIES,ZOOLOGICAL,,SCIENTIFIC,f,,,Dama,,dama,,,{Linnaeus},{},1758,{},{},,,,,,,,,
133,,Delphinapterus,,GENUS,,,SCIENTIFIC,f,,Delphinapterus,,,,,,{},{},,{},{},,,,,,,,,
134,,Delphinapterus leucas,"(Pallas, 1776)",SPECIES,ZOOLOGICAL,,SCIENTIFIC,f,,,Delphinapterus,,leucas,,,{Pallas},{},1776,{},{},,,,,,,,,
105,,Delphinidae,,FAMILY,,,SCIENTIFIC,f,,Delphinidae,,,,,,{},{},,{},{},,,,,,,,,
106,,Delphinus,,GENUS,,,SCIENTIFIC,f,,Delphinus,,,,,,{},{},,{},{},,,,,,,,,
107,,Delphinus delphis,"Linnaeus, 1758",SPECIES,ZOOLOGICAL,,SCIENTIFIC,f,,,Delphinus,,delphis,,,{},{},,{Linnaeus},{},1758,,,,,,,,
190,,Diprotodontia,,ORDER,,,SCIENTIFIC,f,,Diprotodontia,,,,,,{},{},,{},{},,,,,,,,,
244,,Echimyidae,,FAMILY,,,SCIENTIFIC,f,,Echimyidae,,,,,,{},{},,{},{},,,,,,,,,
248,,Eliomys,,GENUS,,,SCIENTIFIC,f,,Eliomys,,,,,,{},{},,{},{},,,,,,,,,
249,,Eliomys quercinus,"(Linnaeus, 1766)",SPECIES,ZOOLOGICAL,,SCIENTIFIC,f,,,Eliomys,,quercinus,,,{Linnaeus},{},1766,{},{},,,,,,,,,
161,,Eptesicus,,GENUS,,,SCIENTIFIC,f,,Eptesicus,,,,,,{},{},,{},{},,,,,,,,,
162,,Eptesicus nilssonii,"(Keyserling & Blasius, 1839)",SPECIES,ZOOLOGICAL,,SCIENTIFIC,f,,,Eptesicus,,nilssonii,,,"{Keyserling,Blasius}",{},1839,{},{},,,,,,,,,
163,,Eptesicus nilssoni,,SPECIES,,,SCIENTIFIC,f,,,Eptesicus,,nilssoni,,,{},{},,{},{},,,,,,,,,
164,,Eptesicus serotinus,"(Schreber, 1774)",SPECIES,ZOOLOGICAL,,SCIENTIFIC,f,,,Eptesicus,,serotinus,,,{Schreber},{},1774,{},{},,,,,,,,,
76,,Erignathus,,GENUS,,,SCIENTIFIC,f,,Erignathus,,,,,,{},{},,{},{},,,,,,,,,
77,,Erignathus barbatus,"(Erxleben, 1777)",SPECIES,ZOOLOGICAL,,SCIENTIFIC,f,,,Erignathus,,barbatus,,,{Erxleben},{},1777,{},{},,,,,,,,,
196,,Erinaceidae,,FAMILY,,,SCIENTIFIC,f,,Erinaceidae,,,,,,{},{},,{},{},,,,,,,,,
197,,Erinaceus,,GENUS,,,SCIENTIFIC,f,,Erinaceus,,,,,,{},{},,{},{},,,,,,,,,
198,,Erinaceus europaeus,"Linnaeus, 1758",SPECIES,ZOOLOGICAL,,SCIENTIFIC,f,,,Erinaceus,,europaeus,,,{},{},,{Linnaeus},{},1758,,,,,,,,
126,,Eschrichtiidae,,FAMILY,,,SCIENTIFIC,f,,Eschrichtiidae,,,,,,{},{},,{},{},,,,,,,,,
127,,Eschrichtius,,GENUS,,,SCIENTIFIC,f,,Eschrichtius,,,,,,{},{},,{},{},,,,,,,,,
128,,Eschrichtius robustus,"(Lilljeborg, 1861)",SPECIES,ZOOLOGICAL,,SCIENTIFIC,f,,,Eschrichtius,,robustus,,,{Lilljeborg},{},1861,{},{},,,,,,,,,
281,,Eutamias sibiricus,"(Laxmann, 1769)",SPECIES,ZOOLOGICAL,,SCIENTIFIC,f,,,Eutamias,,sibiricus,,,{Laxmann},{},1769,{},{},,,,,,,,,
35,,Felidae,,FAMILY,,,SCIENTIFIC,f,,Felidae,,,,,,{},{},,{},{},,,,,,,,,
36,,Felis,,GENUS,,,SCIENTIFIC,f,,Felis,,,,,,{},{},,{},{},,,,,,,,,
37,,Felis catus,"(Linnaeus, 1758)",SPECIES,ZOOLOGICAL,,SCIENTIFIC,f,,,Felis,,catus,,,{Linnaeus},{},1758,{},{},,,,,,,,,
41,,Felis lynx,"(Linnaeus, 1758)",SPECIES,ZOOLOGICAL,,SCIENTIFIC,f,,,Felis,,lynx,,,{Linnaeus},{},1758,{},{},,,,,,,,,
38,,Felis silvestris,"Schreber, 1775",SPECIES,ZOOLOGICAL,,SCIENTIFIC,f,,,Felis,,silvestris,,,{},{},,{Schreber},{},1775,,,,,,,,
247,,Gliridae,,FAMILY,,,SCIENTIFIC,f,,Gliridae,,,,,,{},{},,{},{},,,,,,,,,
250,,Glis,,GENUS,,,SCIENTIFIC,f,,Glis,,,,,,{},{},,{},{},,,,,,,,,
251,,Glis glis,"(Linnaeus, 1766)",SPECIES,ZOOLOGICAL,,SCIENTIFIC,f,,,Glis,,glis,,,{Linnaeus},{},1766,{},{},,,,,,,,,
108,,Globicephala,,GENUS,,,SCIENTIFIC,f,,Globicephala,,,,,,{},{},,{},{},,,,,,,,,
109,,Globicephala melas,"(Traill, 1809)",SPECIES,ZOOLOGICAL,,SCIENTIFIC,f,,,Globicephala,,melas,,,{Traill},{},1809,{},{},,,,,,,,,
110,,Grampus,,GENUS,,,SCIENTIFIC,f,,Grampus,,,,,,{},{},,{},{},,,,,,,,,
111,,Grampus griseus,"(Cuvier, 1812)",SPECIES,ZOOLOGICAL,,SCIENTIFIC,f,,,Grampus,,griseus,,,{Cuvier},{},1812,{},{},,,,,,,,,
78,,Halichoerus,,GENUS,,,SCIENTIFIC,f,,Halichoerus,,,,,,{},{},,{},{},,,,,,,,,
79,,Halichoerus grypus,"(Fabricius, 1791)",SPECIES,ZOOLOGICAL,,SCIENTIFIC,f,,,Halichoerus,,grypus,,,{Fabricius},{},1791,{},{},,,,,,,,,
80,,Halichoerus grypus atlantica (infraspecific name),"Nehring, 1886",INFRASPECIFIC_NAME,ZOOLOGICAL,,SCIENTIFIC,f,,,Halichoerus,,grypus,atlantica,,{},{},,{Nehring},{},1886,,,,,,(infraspecific name),,
45,,Herpestes,,GENUS,,,SCIENTIFIC,f,,Herpestes,,,,,,{},{},,{},{},,,,,,,,,
46,,Herpestes javanicus,"(Geoffroy Saint-Hilaire, 1818)",SPECIES,ZOOLOGICAL,,SCIENTIFIC,f,,,Herpestes,,javanicus,,,"{""Geoffroy Saint-Hilaire""}",{},1818,{},{},,,,,,,,,
42,,Herpestidae,,FAMILY,,,SCIENTIFIC,f,,Herpestidae,,,,,,{},{},,{},{},,,,,,,,,
145,,Hyperoodon,,GENUS,,,SCIENTIFIC,f,,Hyperoodon,,,,,,{},{},,{},{},,,,,,,,,
146,,Hyperoodon ampullatus,"(Forster, 1770)",SPECIES,ZOOLOGICAL,,SCIENTIFIC,f,,,Hyperoodon,,ampullatus,,,{Forster},{},1770,{},{},,,,,,,,,
195,,Insectivora,,ORDER,,,SCIENTIFIC,f,,Insectivora,,,,,,{},{},,{},{},,,,,,,,,
130,,Kogia,,GENUS,,,SCIENTIFIC,f,,Kogia,,,,,,{},{},,{},{},,,,,,,,,
131,,Kogia breviceps,"(Blainville, 1838)",SPECIES,ZOOLOGICAL,,SCIENTIFIC,f,,,Kogia,,breviceps,,,{Blainville},{},1838,{},{},,,,,,,,,
129,,Kogiidae,,FAMILY,,,SCIENTIFIC,f,,Kogiidae,,,,,,{},{},,{},{},,,,,,,,,
112,,Lagenorhynchus,,GENUS,,,SCIENTIFIC,f,,Lagenorhynchus,,,,,,{},{},,{},{},,,,,,,,,
113,,Lagenorhynchus acutus,"(Gray, 1828)",SPECIES,ZOOLOGICAL,,SCIENTIFIC,f,,,Lagenorhynchus,,acutus,,,{Gray},{},1828,{},{},,,,,,,,,
115,,Lagenorhynchus albirostris,"(Gray, 1846)",SPECIES,ZOOLOGICAL,,SCIENTIFIC,f,,,Lagenorhynchus,,albirostris,,,{Gray},{},1846,{},{},,,,,,,,,
212,,Lagomorpha,,ORDER,,,SCIENTIFIC,f,,Lagomorpha,,,,,,{},{},,{},{},,,,,,,,,
213,,Leporidae,,FAMILY,,,SCIENTIFIC,f,,Leporidae,,,,,,{},{},,{},{},,,,,,,,,
214,,Lepus,,GENUS,,,SCIENTIFIC,f,,Lepus,,,,,,{},{},,{},{},,,,,,,,,
215,,Lepus europaeus,"Pallas, 1778",SPECIES,ZOOLOGICAL,,SCIENTIFIC,f,,,Lepus,,europaeus,,,{},{},,{Pallas},{},1778,,,,,,,,
114,,Leucopleurus acutus,"(Gray, 1828)",SPECIES,ZOOLOGICAL,,SCIENTIFIC,f,,,Leucopleurus,,acutus,,,{Gray},{},1828,{},{},,,,,,,,,
51,,Lutra,,GENUS,,,SCIENTIFIC,f,,Lutra,,,,,,{},{},,{},{},,,,,,,,,
52,,Lutra lutra,"(Linnaeus, 1758)",SPECIES,ZOOLOGICAL,,SCIENTIFIC,f,,,Lutra,,lutra,,,{Linnaeus},{},1758,{},{},,,,,,,,,
39,,Lynx,,GENUS,,,SCIENTIFIC,f,,Lynx,,,,,,{},{},,{},{},,,,,,,,,
40,,Lynx lynx,"(Linnaeus, 1758)",SPECIES,ZOOLOGICAL,,SCIENTIFIC,f,,,Lynx,,lynx,,,{Linnaeus},{},1758,{},{},,,,,,,,,
191,,Macropodidae,,FAMILY,,,SCIENTIFIC,f,,Macropodidae,,,,,,{},{},,{},{},,,,,,,,,
194,,Macropus rufogriseus,"(Desmarest, 1817)",SPECIES,ZOOLOGICAL,,SCIENTIFIC,f,,,Macropus,,rufogriseus,,,{Desmarest},{},1817,{},{},,,,,,,,,
1,,Mammalia,,CLASS,,,SCIENTIFIC,f,,Mammalia,,,,,,{},{},,{},{},,,,,,,,,
53,,Martes,,GENUS,,,SCIENTIFIC,f,,Martes,,,,,,{},{},,{},{},,,,,,,,,
54,,Martes foina,"(Erxleben, 1777)",SPECIES,ZOOLOGICAL,,SCIENTIFIC,f,,,Martes,,foina,,,{Erxleben},{},1777,{},{},,,,,,,,,
55,,Martes martes,"(Linnaeus, 1758)",SPECIES,ZOOLOGICAL,,SCIENTIFIC,f,,,Martes,,martes,,,{Linnaeus},{},1758,{},{},,,,,,,,,
103,,Megaptera,,GENUS,,,SCIENTIFIC,f,,Megaptera,,,,,,{},{},,{},{},,,,,,,,,
104,,Megaptera novaeangliae,"(Borowski, 1781)",SPECIES,ZOOLOGICAL,,SCIENTIFIC,f,,,Megaptera,,novaeangliae,,,{Borowski},{},1781,{},{},,,,,,,,,
56,,Meles,,GENUS,,,SCIENTIFIC,f,,Meles,,,,,,{},{},,{},{},,,,,,,,,
57,,Meles meles,"(Linnaeus, 1758)",SPECIES,ZOOLOGICAL,,SCIENTIFIC,f,,,Meles,,meles,,,{Linnaeus},{},1758,{},{},,,,,,,,,
47,,Mephitidae,,FAMILY,,,SCIENTIFIC,f,,Mephitidae,,,,,,{},{},,{},{},,,,,,,,,
48,,Mephitis,,GENUS,,,SCIENTIFIC,f,,Mephitis,,,,,,{},{},,{},{},,,,,,,,,
49,,Mephitis mephitis,"(Schreber, 1776)",SPECIES,ZOOLOGICAL,,SCIENTIFIC,f,,,Mephitis,,mephitis,,,{Schreber},{},1776,{},{},,,,,,,,,
147,,Mesoplodon,,GENUS,,,SCIENTIFIC,f,,Mesoplodon,,,,,,{},{},,{},{},,,,,,,,,
148,,Mesoplodon bidens,"(Sowerby, 1804)",SPECIES,ZOOLOGICAL,,SCIENTIFIC,f,,,Mesoplodon,,bidens,,,{Sowerby},{},1804,{},{},,,,,,,,,
149,,Mesoplodon densirostris,"(De Blainville, 1817)",SPECIES,ZOOLOGICAL,,SCIENTIFIC,f,,,Mesoplodon,,densirostris,,,"{""De Blainville""}",{},1817,{},{},,,,,,,,,
150,,Mesoplodon grayi,"Von Haast, 1876",SPECIES,ZOOLOGICAL,,SCIENTIFIC,f,,,Mesoplodon,,grayi,,,{},{},,"{""Von Haast""}",{},1876,,,,,,,,
258,,Micromys,,GENUS,,,SCIENTIFIC,f,,Micromys,,,,,,{},{},,{},{},,,,,,,,,
259,,Micromys minutus,"(Pallas, 1771)",SPECIES,ZOOLOGICAL,,SCIENTIFIC,f,,,Micromys,,minutus,,,{Pallas},{},1771,{},{},,,,,,,,,
235,,Microtus,,GENUS,,,SCIENTIFIC,f,,Microtus,,,,,,{},{},,{},{},,,,,,,,,
236,,Microtus agrestis,"(Linnaeus, 1761)",SPECIES,ZOOLOGICAL,,SCIENTIFIC,f,,,Microtus,,agrestis,,,{Linnaeus},{},1761,{},{},,,,,,,,,
237,,Microtus arvalis,"(Pallas, 1778)",SPECIES,ZOOLOGICAL,,SCIENTIFIC,f,,,Microtus,,arvalis,,,{Pallas},{},1778,{},{},,,,,,,,,
228,,Microtus oeconomus,"(Pallas, 1776)",SPECIES,ZOOLOGICAL,,SCIENTIFIC,f,,,Microtus,,oeconomus,,,{Pallas},{},1776,{},{},,,,,,,,,
226,,"Microtus oeconomus arenicola (de Sélys-Longchamps,1841)(infraspecific name)",,INFRASPECIFIC_NAME,,,SCIENTIFIC,f,,,Microtus,,oeconomus,arenicola,,{},{},,{},{},,,,,,,"(de Sélys-Longchamps,1841)(infraspecific name)",,
238,,Microtus subterraneus,"(De Sélys-Longchamps, 1836)",SPECIES,ZOOLOGICAL,,SCIENTIFIC,f,,,Microtus,,subterraneus,,,"{""De Sélys-Longchamps""}",{},1836,{},{},,,,,,,,,
135,,Monodon,,GENUS,,,SCIENTIFIC,f,,Monodon,,,,,,{},{},,{},{},,,,,,,,,
136,,Monodon monoceros,"Linaeus, 1758",SPECIES,ZOOLOGICAL,,SCIENTIFIC,f,,,Monodon,,monoceros,,,{},{},,{Linaeus},{},1758,,,,,,,,
132,,Monodontidae,,FAMILY,,,SCIENTIFIC,f,,Monodontidae,,,,,,{},{},,{},{},,,,,,,,,
19,,Muntiacus,,GENUS,,,SCIENTIFIC,f,,Muntiacus,,,,,,{},{},,{},{},,,,,,,,,
20,,Muntiacus reevesi,"(Ogilby, 1839)",SPECIES,ZOOLOGICAL,,SCIENTIFIC,f,,,Muntiacus,,reevesi,,,{Ogilby},{},1839,{},{},,,,,,,,,
254,,Muridae,,FAMILY,,,SCIENTIFIC,f,,Muridae,,,,,,{},{},,{},{},,,,,,,,,
260,,Mus,,GENUS,,,SCIENTIFIC,f,,Mus,,,,,,{},{},,{},{},,,,,,,,,
262,,Mus musculus,"Linnaeus, 1758",SPECIES,ZOOLOGICAL,,SCIENTIFIC,f,,,Mus,,musculus,,,{},{},,{Linnaeus},{},1758,,,,,,,,
261,,Mus musculus domesticus,"Schwarz & Schwarz, 1943",SUBSPECIES,ZOOLOGICAL,,SCIENTIFIC,f,,,Mus,,musculus,domesticus,,{},{},,"{Schwarz,Schwarz}",{},1943,,,,,,,,
252,,Muscardinus,,GENUS,,,SCIENTIFIC,f,,Muscardinus,,,,,,{},{},,{},{},,,,,,,,,
253,,Muscardinus avellanarius,"(Linnaeus, 1758)",SPECIES,ZOOLOGICAL,,SCIENTIFIC,f,,,Muscardinus,,avellanarius,,,{Linnaeus},{},1758,{},{},,,,,,,,,
58,,Mustela,,GENUS,,,SCIENTIFIC,f,,Mustela,,,,,,{},{},,{},{},,,,,,,,,
60,,Mustela erminea,"Linnaeus, 1758",SPECIES,ZOOLOGICAL,,SCIENTIFIC,f,,,Mustela,,erminea,,,{},{},,{Linnaeus},{},1758,,,,,,,,
59,,Mustela erminea aestiva,"Kerr, 1792",SUBSPECIES,ZOOLOGICAL,,SCIENTIFIC,f,,,Mustela,,erminea,aestiva,,{},{},,{Kerr},{},1792,,,,,,,,
64,,Mustela furo,"Linnaeus, 1758",SPECIES,ZOOLOGICAL,,SCIENTIFIC,f,,,Mustela,,furo,,,{},{},,{Linnaeus},{},1758,,,,,,,,
62,,Mustela nivalis,"Linnaeus, 1766",SPECIES,ZOOLOGICAL,,SCIENTIFIC,f,,,Mustela,,nivalis,,,{},{},,{Linnaeus},{},1766,,,,,,,,
61,,Mustela nivalis vulgaris,"Erxleben, 1777",SUBSPECIES,ZOOLOGICAL,,SCIENTIFIC,f,,,Mustela,,nivalis,vulgaris,,{},{},,{Erxleben},{},1777,,,,,,,,
66,,Mustela putorius,"Linnaeus, 1758",SPECIES,ZOOLOGICAL,,SCIENTIFIC,f,,,Mustela,,putorius,,,{},{},,{Linnaeus},{},1758,,,,,,,,
63,,Mustela putorius furo,"Linnaeus, 1758",SUBSPECIES,ZOOLOGICAL,,SCIENTIFIC,f,,,Mustela,,putorius,furo,,{},{},,{Linnaeus},{},1758,,,,,,,,
65,,Mustela putorius putorius,"Linnaeus, 1758",SUBSPECIES,ZOOLOGICAL,,SCIENTIFIC,f,,,Mustela,,putorius,putorius,,{},{},,{Linnaeus},{},1758,,,,,,,,
69,,Mustela vison,"Schreber, 1777",SPECIES,ZOOLOGICAL,,SCIENTIFIC,f,,,Mustela,,vison,,,{},{},,{Schreber},{},1777,,,,,,,,
50,,Mustelidae,,FAMILY,,,SCIENTIFIC,f,,Mustelidae,,,,,,{},{},,{},{},,,,,,,,,
245,,Myocastor,,GENUS,,,SCIENTIFIC,f,,Myocastor,,,,,,{},{},,{},{},,,,,,,,,
246,,Myocastor coypus,"(Molina, 1782)",SPECIES,ZOOLOGICAL,,SCIENTIFIC,f,,,Myocastor,,coypus,,,{Molina},{},1782,{},{},,,,,,,,,
239,,Myodes,,GENUS,,,SCIENTIFIC,f,,Myodes,,,,,,{},{},,{},{},,,,,,,,,
240,,Myodes glareolus,"(Schreber, 1780)",SPECIES,ZOOLOGICAL,,SCIENTIFIC,f,,,Myodes,,glareolus,,,{Schreber},{},1780,{},{},,,,,,,,,
165,,Myotis,,GENUS,,,SCIENTIFIC,f,,Myotis,,,,,,{},{},,{},{},,,,,,,,,
166,,Myotis bechsteinii,"(Kuhl, 1817)",SPECIES,ZOOLOGICAL,,SCIENTIFIC,f,,,Myotis,,bechsteinii,,,{Kuhl},{},1817,{},{},,,,,,,,,
167,,Myotis bechsteini,"(Kuhl, 1817)",SPECIES,ZOOLOGICAL,,SCIENTIFIC,f,,,Myotis,,bechsteini,,,{Kuhl},{},1817,{},{},,,,,,,,,
169,,Myotis brandti,"(Eversmann, 1845)",SPECIES,ZOOLOGICAL,,SCIENTIFIC,f,,,Myotis,,brandti,,,{Eversmann},{},1845,{},{},,,,,,,,,
168,,Myotis brandtii,"(Eversmann, 1845)",SPECIES,ZOOLOGICAL,,SCIENTIFIC,f,,,Myotis,,brandtii,,,{Eversmann},{},1845,{},{},,,,,,,,,
170,,Myotis dasycneme,"(Boie, 1825)",SPECIES,ZOOLOGICAL,,SCIENTIFIC,f,,,Myotis,,dasycneme,,,{Boie},{},1825,{},{},,,,,,,,,
172,,Myotis daubentoni,"(Kuhl, 1817)",SPECIES,ZOOLOGICAL,,SCIENTIFIC,f,,,Myotis,,daubentoni,,,{Kuhl},{},1817,{},{},,,,,,,,,
171,,Myotis daubentonii,"(Kuhl, 1817)",SPECIES,ZOOLOGICAL,,SCIENTIFIC,f,,,Myotis,,daubentonii,,,{Kuhl},{},1817,{},{},,,,,,,,,
173,,Myotis emarginatus,"(Geoffroy, 1806)",SPECIES,ZOOLOGICAL,,SCIENTIFIC,f,,,Myotis,,emarginatus,,,{Geoffroy},{},1806,{},{},,,,,,,,,
174,,Myotis myotis,"(Borkhausen, 1797)",SPECIES,ZOOLOGICAL,,SCIENTIFIC,f,,,Myotis,,myotis,,,{Borkhausen},{},1797,{},{},,,,,,,,,
175,,Myotis mystacinus,"(Kuhl, 1817)",SPECIES,ZOOLOGICAL,,SCIENTIFIC,f,,,Myotis,,mystacinus,,,{Kuhl},{},1817,{},{},,,,,,,,,
176,,Myotis nattereri,"(Kuhl, 1817)",SPECIES,ZOOLOGICAL,,SCIENTIFIC,f,,,Myotis,,nattereri,,,{Kuhl},{},1817,{},{},,,,,,,,,
89,,Nasua,,GENUS,,,SCIENTIFIC,f,,Nasua,,,,,,{},{},,{},{},,,,,,,,,
90,,Nasua nasua,"(Linnaeus, 1766)",SPECIES,ZOOLOGICAL,,SCIENTIFIC,f,,,Nasua,,nasua,,,{Linnaeus},{},1766,{},{},,,,,,,,,
203,,Neomys,,GENUS,,,SCIENTIFIC,f,,Neomys,,,,,,{},{},,{},{},,,,,,,,,
204,,Neomys fodiens,"(Pennant, 1771)",SPECIES,ZOOLOGICAL,,SCIENTIFIC,f,,,Neomys,,fodiens,,,{Pennant},{},1771,{},{},,,,,,,,,
67,,Neovison,,GENUS,,,SCIENTIFIC,f,,Neovison,,,,,,{},{},,{},{},,,,,,,,,
68,,Neovison vison,"(Schreber, 1777)",SPECIES,ZOOLOGICAL,,SCIENTIFIC,f,,,Neovison,,vison,,,{Schreber},{},1777,{},{},,,,,,,,,
192,,Notamacropus,,GENUS,,,SCIENTIFIC,f,,Notamacropus,,,,,,{},{},,{},{},,,,,,,,,
193,,Notamacropus rufogriseus,"(Desmarest, 1817)",SPECIES,ZOOLOGICAL,,SCIENTIFIC,f,,,Notamacropus,,rufogriseus,,,{Desmarest},{},1817,{},{},,,,,,,,,
177,,Nyctalus,,GENUS,,,SCIENTIFIC,f,,Nyctalus,,,,,,{},{},,{},{},,,,,,,,,
178,,Nyctalus lasiopterus,"(Schreber, 1780)",SPECIES,ZOOLOGICAL,,SCIENTIFIC,f,,,Nyctalus,,lasiopterus,,,{Schreber},{},1780,{},{},,,,,,,,,
179,,Nyctalus leisleri,"(Kuhl, 1817)",SPECIES,ZOOLOGICAL,,SCIENTIFIC,f,,,Nyctalus,,leisleri,,,{Kuhl},{},1817,{},{},,,,,,,,,
180,,Nyctalus noctula,"(Schreber, 1774)",SPECIES,ZOOLOGICAL,,SCIENTIFIC,f,,,Nyctalus,,noctula,,,{Schreber},{},1774,{},{},,,,,,,,,
29,,Nyctereutes,,GENUS,,,SCIENTIFIC,f,,Nyctereutes,,,,,,{},{},,{},{},,,,,,,,,
31,,Nyctereutes procyonoides,"(Gray, 1834)",SPECIES,ZOOLOGICAL,,SCIENTIFIC,f,,,Nyctereutes,,procyonoides,,,{Gray},{},1834,{},{},,,,,,,,,
30,,Nyctereutes procyonoides ussuriensis,"Matschie, 1907",SUBSPECIES,ZOOLOGICAL,,SCIENTIFIC,f,,,Nyctereutes,,procyonoides,ussuriensis,,{},{},,{Matschie},{},1907,,,,,,,,
70,,Odobenidae,,FAMILY,,,SCIENTIFIC,f,,Odobenidae,,,,,,{},{},,{},{},,,,,,,,,
71,,Odobenus,,GENUS,,,SCIENTIFIC,f,,Odobenus,,,,,,{},{},,{},{},,,,,,,,,
72,,Odobenus rosmarus,"(Linnaeus, 1758)",SPECIES,ZOOLOGICAL,,SCIENTIFIC,f,,,Odobenus,,rosmarus,,,{Linnaeus},{},1758,{},{},,,,,,,,,
242,,Ondatra,,GENUS,,,SCIENTIFIC,f,,Ondatra,,,,,,{},{},,{},{},,,,,,,,,
243,,Ondatra zibethicus,"(Linnaeus, 1766)",SPECIES,ZOOLOGICAL,,SCIENTIFIC,f,,,Ondatra,,zibethicus,,,{Linnaeus},{},1766,{},{},,,,,,,,,
116,,Orcinus,,GENUS,,,SCIENTIFIC,f,,Orcinus,,,,,,{},{},,{},{},,,,,,,,,
117,,Orcinus orca,"(Linnaeus, 1758)",SPECIES,ZOOLOGICAL,,SCIENTIFIC,f,,,Orcinus,,orca,,,{Linnaeus},{},1758,{},{},,,,,,,,,
216,,Oryctolagus,,GENUS,,,SCIENTIFIC,f,,Oryctolagus,,,,,,{},{},,{},{},,,,,,,,,
217,,Oryctolagus cuniculus,"(Linnaeus, 1758)",SPECIES,ZOOLOGICAL,,SCIENTIFIC,f,,,Oryctolagus,,cuniculus,,,{Linnaeus},{},1758,{},{},,,,,,,,,
7,,Ovis,,GENUS,,,SCIENTIFIC,f,,Ovis,,,,,,{},{},,{},{},,,,,,,,,
8,,Ovis ammon,"(Linnaeus, 1758)",SPECIES,ZOOLOGICAL,,SCIENTIFIC,f,,,Ovis,,ammon,,,{Linnaeus},{},1758,{},{},,,,,,,,,
10,,Ovis aries musimon (infraspecific name),"Pallas, 1811",INFRASPECIFIC_NAME,ZOOLOGICAL,,SCIENTIFIC,f,,,Ovis,,aries,musimon,,{},{},,{Pallas},{},1811,,,,,,(infraspecific name),,
9,,Ovis gmelini,"Linnaeus, 1758",SPECIES,ZOOLOGICAL,,SCIENTIFIC,f,,,Ovis,,gmelini,,,{},{},,{Linnaeus},{},1758,,,,,,,,
81,,Pagophilus,,GENUS,,,SCIENTIFIC,f,,Pagophilus,,,,,,{},{},,{},{},,,,,,,,,
82,,Pagophilus groenlandicus,"(Erxleben, 1777)",SPECIES,ZOOLOGICAL,,SCIENTIFIC,f,,,Pagophilus,,groenlandicus,,,{Erxleben},{},1777,{},{},,,,,,,,,
83,,Phoca,,GENUS,,,SCIENTIFIC,f,,Phoca,,,,,,{},{},,{},{},,,,,,,,,
87,,Phoca hispida,"Schreber, 1775",SPECIES,ZOOLOGICAL,,SCIENTIFIC,f,,,Phoca,,hispida,,,{},{},,{Schreber},{},1775,,,,,,,,
84,,Phoca vitulina,"Linnaeus, 1758",SPECIES,ZOOLOGICAL,,SCIENTIFIC,f,,,Phoca,,vitulina,,,{},{},,{Linnaeus},{},1758,,,,,,,,
73,,Phocidae,,FAMILY,,,SCIENTIFIC,f,,Phocidae,,,,,,{},{},,{},{},,,,,,,,,
138,,Phocoena,,GENUS,,,SCIENTIFIC,f,,Phocoena,,,,,,{},{},,{},{},,,,,,,,,
139,,Phocoena phocoena,"(Linnaeus, 1758)",SPECIES,ZOOLOGICAL,,SCIENTIFIC,f,,,Phocoena,,phocoena,,,{Linnaeus},{},1758,{},{},,,,,,,,,
137,,Phocoenidae,,FAMILY,,,SCIENTIFIC,f,,Phocoenidae,,,,,,{},{},,{},{},,,,,,,,,
141,,Physeter,,GENUS,,,SCIENTIFIC,f,,Physeter,,,,,,{},{},,{},{},,,,,,,,,
143,,Physeter catodon,"Linnaeus, 1758",SPECIES,ZOOLOGICAL,,SCIENTIFIC,f,,,Physeter,,catodon,,,{},{},,{Linnaeus},{},1758,,,,,,,,
142,,Physeter macrocephalus,"Linnaeus, 1758",SPECIES,ZOOLOGICAL,,SCIENTIFIC,f,,,Physeter,,macrocephalus,,,{},{},,{Linnaeus},{},1758,,,,,,,,
140,,Physeteridae,,FAMILY,,,SCIENTIFIC,f,,Physeteridae,,,,,,{},{},,{},{},,,,,,,,,
181,,Pipistrellus,,GENUS,,,SCIENTIFIC,f,,Pipistrellus,,,,,,{},{},,{},{},,,,,,,,,
182,,Pipistrellus nathusii,"(Keyserling & Blasius, 1839)",SPECIES,ZOOLOGICAL,,SCIENTIFIC,f,,,Pipistrellus,,nathusii,,,"{Keyserling,Blasius}",{},1839,{},{},,,,,,,,,
184,,Pipistrellus pygmaeus,"(Leach, 1825)",SPECIES,ZOOLOGICAL,,SCIENTIFIC,f,,,Pipistrellus,,pygmaeus,,,{Leach},{},1825,{},{},,,,,,,,,
183,,Pipistrellus pipistrellus,"(Schreber, 1774)",SPECIES,ZOOLOGICAL,,SCIENTIFIC,f,,,Pipistrellus,,pipistrellus,,,{Schreber},{},1774,{},{},,,,,,,,,
185,,Plecotus,,GENUS,,,SCIENTIFIC,f,,Plecotus,,,,,,{},{},,{},{},,,,,,,,,
186,,Plecotus auritus,"(Linnaeus, 1758)",SPECIES,ZOOLOGICAL,,SCIENTIFIC,f,,,Plecotus,,auritus,,,{Linnaeus},{},1758,{},{},,,,,,,,,
187,,Plecotus austriacus,"(Fischer, 1829)",SPECIES,ZOOLOGICAL,,SCIENTIFIC,f,,,Plecotus,,austriacus,,,{Fischer},{},1829,{},{},,,,,,,,,
91,,Procyon,,GENUS,,,SCIENTIFIC,f,,Procyon,,,,,,{},{},,{},{},,,,,,,,,
92,,Procyon lotor,"(Linnaeus, 1758)",SPECIES,ZOOLOGICAL,,SCIENTIFIC,f,,,Procyon,,lotor,,,{Linnaeus},{},1758,{},{},,,,,,,,,
88,,Procyonidae,,FAMILY,,,SCIENTIFIC,f,,Procyonidae,,,,,,{},{},,{},{},,,,,,,,,
118,,Pseudorca,,GENUS,,,SCIENTIFIC,f,,Pseudorca,,,,,,{},{},,{},{},,,,,,,,,
119,,Pseudorca crassidens,"(Owen, 1846)",SPECIES,ZOOLOGICAL,,SCIENTIFIC,f,,,Pseudorca,,crassidens,,,{Owen},{},1846,{},{},,,,,,,,,
85,,Pusa,,GENUS,,,SCIENTIFIC,f,,Pusa,,,,,,{},{},,{},{},,,,,,,,,
86,,Pusa hispida,"(Schreber, 1775)",SPECIES,ZOOLOGICAL,,SCIENTIFIC,f,,,Pusa,,hispida,,,{Schreber},{},1775,{},{},,,,,,,,,
263,,Rattus,,GENUS,,,SCIENTIFIC,f,,Rattus,,,,,,{},{},,{},{},,,,,,,,,
264,,Rattus norvegicus,"(Berkenhout, 1769)",SPECIES,ZOOLOGICAL,,SCIENTIFIC,f,,,Rattus,,norvegicus,,,{Berkenhout},{},1769,{},{},,,,,,,,,
265,,Rattus rattus,"(Linnaeus, 1758)",SPECIES,ZOOLOGICAL,,SCIENTIFIC,f,,,Rattus,,rattus,,,{Linnaeus},{},1758,{},{},,,,,,,,,
154,,Rhinolophidae,,FAMILY,,,SCIENTIFIC,f,,Rhinolophidae,,,,,,{},{},,{},{},,,,,,,,,
155,,Rhinolophus,,GENUS,,,SCIENTIFIC,f,,Rhinolophus,,,,,,{},{},,{},{},,,,,,,,,
156,,Rhinolophus ferrumequinum,"(Schreber, 1774)",SPECIES,ZOOLOGICAL,,SCIENTIFIC,f,,,Rhinolophus,,ferrumequinum,,,{Schreber},{},1774,{},{},,,,,,,,,
157,,Rhinolophus hipposideros,"(Bechstein, 1800)",SPECIES,ZOOLOGICAL,,SCIENTIFIC,f,,,Rhinolophus,,hipposideros,,,{Bechstein},{},1800,{},{},,,,,,,,,
218,,Rodentia,,ORDER,,,SCIENTIFIC,f,,Rodentia,,,,,,{},{},,{},{},,,,,,,,,
285,,Scandentia,,ORDER,,,SCIENTIFIC,f,,Scandentia,,,,,,{},{},,{},{},,,,,,,,,
266,,Sciuridae,,FAMILY,,,SCIENTIFIC,f,,Sciuridae,,,,,,{},{},,{},{},,,,,,,,,
271,,Sciurus,,GENUS,,,SCIENTIFIC,f,,Sciurus,,,,,,{},{},,{},{},,,,,,,,,
273,,Sciurus carolinensis,"Gmelin, 1788",SPECIES,ZOOLOGICAL,,SCIENTIFIC,f,,,Sciurus,,carolinensis,,,{},{},,{Gmelin},{},1788,,,,,,,,
272,,Sciurus carolinensis pennsylvanicus,"Ord, 1815",SUBSPECIES,ZOOLOGICAL,,SCIENTIFIC,f,,,Sciurus,,carolinensis,pennsylvanicus,,{},{},,{Ord},{},1815,,,,,,,,
274,,Sciurus niger,"Linnaeus, 1758",SPECIES,ZOOLOGICAL,,SCIENTIFIC,f,,,Sciurus,,niger,,,{},{},,{Linnaeus},{},1758,,,,,,,,
276,,Sciurus vulgaris,"Linnaeus, 1758",SPECIES,ZOOLOGICAL,,SCIENTIFIC,f,,,Sciurus,,vulgaris,,,{},{},,{Linnaeus},{},1758,,,,,,,,
275,,Sciurus vulgaris cinerea,"Hermann, 1804",SUBSPECIES,ZOOLOGICAL,,SCIENTIFIC,f,,,Sciurus,,vulgaris,cinerea,,{},{},,{Hermann},{},1804,,,,,,,,
205,,Sorex,,GENUS,,,SCIENTIFIC,f,,Sorex,,,,,,{},{},,{},{},,,,,,,,,
206,,Sorex araneus,"Linnaeus, 1758",SPECIES,ZOOLOGICAL,,SCIENTIFIC,f,,,Sorex,,araneus,,,{},{},,{Linnaeus},{},1758,,,,,,,,
207,,Sorex coronatus,"Millet, 1828",SPECIES,ZOOLOGICAL,,SCIENTIFIC,f,,,Sorex,,coronatus,,,{},{},,{Millet},{},1828,,,,,,,,
208,,Sorex minutus,"Linnaeus, 1766",SPECIES,ZOOLOGICAL,,SCIENTIFIC,f,,,Sorex,,minutus,,,{},{},,{Linnaeus},{},1766,,,,,,,,
199,,Soricidae,,FAMILY,,,SCIENTIFIC,f,,Soricidae,,,,,,{},{},,{},{},,,,,,,,,
120,,Stenella,,GENUS,,,SCIENTIFIC,f,,Stenella,,,,,,{},{},,{},{},,,,,,,,,
121,,Stenella coeruleoalba,"(Meyen, 1833)",SPECIES,ZOOLOGICAL,,SCIENTIFIC,f,,,Stenella,,coeruleoalba,,,{Meyen},{},1833,{},{},,,,,,,,,
122,,Steno,,GENUS,,,SCIENTIFIC,f,,Steno,,,,,,{},{},,{},{},,,,,,,,,
123,,Steno bredanensis,"(Lesson, 1828)",SPECIES,ZOOLOGICAL,,SCIENTIFIC,f,,,Steno,,bredanensis,,,{Lesson},{},1828,{},{},,,,,,,,,
21,,Suidae,,FAMILY,,,SCIENTIFIC,f,,Suidae,,,,,,{},{},,{},{},,,,,,,,,
22,,Sus,,GENUS,,,SCIENTIFIC,f,,Sus,,,,,,{},{},,{},{},,,,,,,,,
23,,Sus scrofa,"Linnaeus, 1758",SPECIES,ZOOLOGICAL,,SCIENTIFIC,f,,,Sus,,scrofa,,,{},{},,{Linnaeus},{},1758,,,,,,,,
210,,Talpa,,GENUS,,,SCIENTIFIC,f,,Talpa,,,,,,{},{},,{},{},,,,,,,,,
211,,Talpa europaea,"Linnaeus, 1758",SPECIES,ZOOLOGICAL,,SCIENTIFIC,f,,,Talpa,,europaea,,,{},{},,{Linnaeus},{},1758,,,,,,,,
209,,Talpidae,,FAMILY,,,SCIENTIFIC,f,,Talpidae,,,,,,{},{},,{},{},,,,,,,,,
279,,Tamias,,GENUS,,,SCIENTIFIC,f,,Tamias,,,,,,{},{},,{},{},,,,,,,,,
280,,Tamias sibiricus,"(Laxmann, 1769)",SPECIES,ZOOLOGICAL,,SCIENTIFIC,f,,,Tamias,,sibiricus,,,{Laxmann},{},1769,{},{},,,,,,,,,
277,,Tamiasciurus,,GENUS,,,SCIENTIFIC,f,,Tamiasciurus,,,,,,{},{},,{},{},,,,,,,,,
278,,Tamiasciurus hudsonicus,"Erxleben, 1777",SPECIES,ZOOLOGICAL,,SCIENTIFIC,f,,,Tamiasciurus,,hudsonicus,,,{},{},,{Erxleben},{},1777,,,,,,,,
282,,Tamiops,,GENUS,,,SCIENTIFIC,f,,Tamiops,,,,,,{},{},,{},{},,,,,,,,,
283,,Tamiops mcclellandii,"(Horsfield, 1840)",SPECIES,ZOOLOGICAL,,SCIENTIFIC,f,,,Tamiops,,mcclellandii,,,{Horsfield},{},1840,{},{},,,,,,,,,
284,,Tamiops swinhoei,"(Milne-Edwards, 1874)",SPECIES,ZOOLOGICAL,,SCIENTIFIC,f,,,Tamiops,,swinhoei,,,{Milne-Edwards},{},1874,{},{},,,,,,,,,
287,,Tupaia,,GENUS,,,SCIENTIFIC,f,,Tupaia,,,,,,{},{},,{},{},,,,,,,,,
288,,"Tupaia sp. .(wagner,1855)(wagner,1855)",,SPECIES,,,INFORMAL,f,,,Tupaia,,,,,{},{},,{},{},,,,,,,".(wagner,1855)(wagner,1855)",,
286,,Tupaiidae,,FAMILY,,,SCIENTIFIC,f,,Tupaiidae,,,,,,{},{},,{},{},,,,,,,,,
124,,Tursiops,,GENUS,,,SCIENTIFIC,f,,Tursiops,,,,,,{},{},,{},{},,,,,,,,,
125,,Tursiops truncatus,"(Montagu, 1821)",SPECIES,ZOOLOGICAL,,SCIENTIFIC,f,,,Tursiops,,truncatus,,,{Montagu},{},1821,{},{},,,,,,,,,
188,,Vespertilio,,GENUS,,,SCIENTIFIC,f,,Vespertilio,,,,,,{},{},,{},{},,,,,,,,,
189,,Vespertilio murinus,"Linnaeus, 1758",SPECIES,ZOOLOGICAL,,SCIENTIFIC,f,,,Vespertilio,,murinus,,,{},{},,{Linnaeus},{},1758,,,,,,,,
158,,Vespertilionidae,,FAMILY,,,SCIENTIFIC,f,,Vespertilionidae,,,,,,{},{},,{},{},,,,,,,,,
32,,Vulpes,,GENUS,,,SCIENTIFIC,f,,Vulpes,,,,,,{},{},,{},{},,,,,,,,,
34,,Vulpes vulpes,"(Linnaeus, 1758)",SPECIES,ZOOLOGICAL,,SCIENTIFIC,f,,,Vulpes,,vulpes,,,{Linnaeus},{},1758,{},{},,,,,,,,,
33,,Vulpes vulpes crucigera,"(Bechstein, 1789)",SUBSPECIES,ZOOLOGICAL,,SCIENTIFIC,f,,,Vulpes,,vulpes,crucigera,,{Bechstein},{},1789,{},{},,,,,,,,,
144,,Ziphiidae,,FAMILY,,,SCIENTIFIC,f,,Ziphiidae,,,,,,{},{},,{},{},,,,,,,,,
151,,Ziphius,,GENUS,,,SCIENTIFIC,f,,Ziphius,,,,,,{},{},,{},{},,,,,,,,,
152,,Ziphius cavirostris,"Cuvier, 1823",SPECIES,ZOOLOGICAL,,SCIENTIFIC,f,,,Ziphius,,cavirostris,,,{},{},,{Cuvier},{},1823,,,,,,,,
