id,sector_key,scientific_name,authorship,rank,code,nom_status,type,candidatus,notho,uninomial,genus,infrageneric_epithet,specific_epithet,infraspecific_epithet,cultivar_epithet,basionym_authors,basionym_ex_authors,basionym_year,combination_authors,combination_ex_authors,combination_year,sanctioning_author,published_in_id,published_in_page,published_in_page_link,nomenclatural_note,unparsed,remarks,link
151,,Myopterus sp.Desmarest,,SPECIES,,MANUSCRIPT,INFORMAL,f,,,Myopterus,,sp.Desmarest,,,{},{},,{},{},,,,,,,,,
333,,Laephotis sp.Setzer,,SPECIES,,MANUSCRIPT,INFORMAL,f,,,Laephotis,,sp.Setzer,,,{},{},,{},{},,,,,,,,,
234,,Nanonycteris sp.Aellen,,SPECIES,,MANUSCRIPT,INFORMAL,f,,,Nanonycteris,,sp.Aellen,,,{},{},,{},{},,,,,,,,,
421,,Scotoecus sp.Thomas,,SPECIES,,MANUSCRIPT,INFORMAL,f,,,Scotoecus,,sp.Thomas,,,{},{},,{},{},,,,,,,,,
296,,"Glauconycteris sp. variegata(Tomes 1861(Tomes,1861)variegata(Tomes 1861",,SPECIES,,,INFORMAL,f,,,Glauconycteris,,,,,{},{},,{},{},,,,,,,"variegata(Tomes 1861(Tomes,1861)variegata(Tomes 1861",,
368,,"Eptesicus sp. capensis(A.Smith 1829(A.Smith,1829)capensis(A.Smith 1829",,SPECIES,,,INFORMAL,f,,,Eptesicus,,,,,{},{},,{},{},,,,,,,"capensis(A.Smith 1829(A.Smith,1829)capensis(A.Smith 1829",,
63,,Lavia,"Gray, 1838",GENUS,ZOOLOGICAL,,SCIENTIFIC,f,,Lavia,,,,,,{},{},,{Gray},{},1838,,,,,,,,
224,,Nanonycteris,,GENUS,,,SCIENTIFIC,f,,Nanonycteris,,,,,,{},{},,{},{},,,,,,,,,
135,,"Mops (Xiphonycteris) sp. sp.brachypterus(Peters 1852(Peters,1852)brachypterus(Peters 1852",,SPECIES,,,INFORMAL,f,,,Mops,Xiphonycteris,,,,{},{},,{},{},,,,,,,"sp.brachypterus(Peters 1852(Peters,1852)brachypterus(Peters 1852",,
152,,Myopterus sp.Desmarest,,SPECIES,,MANUSCRIPT,INFORMAL,f,,,Myopterus,,sp.Desmarest,,,{},{},,{},{},,,,,,,,,
207,,Megaloglossus sp.Pagenstecher,,SPECIES,,MANUSCRIPT,INFORMAL,f,,,Megaloglossus,,sp.Pagenstecher,,,{},{},,{},{},,,,,,,,,
80,,"Chaerephon sp. bivittatus(Heuglin 1861(Heuglin,1861)bivittatus(Heuglin 1861",,SPECIES,,,INFORMAL,f,,,Chaerephon,,,,,{},{},,{},{},,,,,,,"bivittatus(Heuglin 1861(Heuglin,1861)bivittatus(Heuglin 1861",,
385,,"Eptesicus sp. tenuipinnis(Peters 1872(Peters,1872)tenuipinnis(Peters 1872",,SPECIES,,,INFORMAL,f,,,Eptesicus,,,,,{},{},,{},{},,,,,,,"tenuipinnis(Peters 1872(Peters,1872)tenuipinnis(Peters 1872",,
279,,Rhinolophus sp.K,,SPECIES,,MANUSCRIPT,INFORMAL,f,,,Rhinolophus,,sp.K,,,{},{},,{},{},,,,,,,,,
8,,"Coleura sp. afra(Peters 1852(Peters,1852)afra(Peters 1852",,SPECIES,,,INFORMAL,f,,,Coleura,,,,,{},{},,{},{},,,,,,,"afra(Peters 1852(Peters,1852)afra(Peters 1852",,
313,,"Hypsugo sp. crassulus(Thomas 1904(Thomas,1904)crassulus(Thomas 1904",,SPECIES,,,INFORMAL,f,,,Hypsugo,,,,,{},{},,{},{},,,,,,,"crassulus(Thomas 1904(Thomas,1904)crassulus(Thomas 1904",,
351,,"Miniopterus sp.Thomas &Schwannn,1906",,SPECIES,,MANUSCRIPT,INFORMAL,f,,,Miniopterus,,sp.Thomas,,,{},{},,{},{},,,,,,,"&Schwannn,1906",,
46,,Phyllorrhina sp.Temminck,,SPECIES,,MANUSCRIPT,INFORMAL,f,,,Phyllorrhina,,sp.Temminck,,,{},{},,{},{},,,,,,,,,
241,,Epomophorus sp.Seabra,,SPECIES,,MANUSCRIPT,INFORMAL,f,,,Epomophorus,,sp.Seabra,,,{},{},,{},{},,,,,,,,,
423,,"Scotophilus sp. dinganii(A.Smith 1833(A.Smith,1833)dinganii(A.Smith 1833",,SPECIES,,,INFORMAL,f,,,Scotophilus,,,,,{},{},,{},{},,,,,,,"dinganii(A.Smith 1833(A.Smith,1833)dinganii(A.Smith 1833",,
118,,Mops (Mops) sp.J,,SPECIES,,MANUSCRIPT,INFORMAL,f,,,Mops,Mops,sp.J,,,{},{},,{},{},,,,,,,,,
169,,Petalia sp.,,SPECIES,,,INFORMAL,f,,,Petalia,,,,,{},{},,{},{},,,,,,,,,
190,,Epomophorus sp.Dobson,,SPECIES,,MANUSCRIPT,INFORMAL,f,,,Epomophorus,,sp.Dobson,,,{},{},,{},{},,,,,,,,,
97,,Chaerephon sp.Thomas,,SPECIES,,MANUSCRIPT,INFORMAL,f,,,Chaerephon,,sp.Thomas,,,{},{},,{},{},,,,,,,,,
402,,Pipistrellus,"Kaup, 1829",GENUS,ZOOLOGICAL,,SCIENTIFIC,f,,Pipistrellus,,,,,,{},{},,{Kaup},{},1829,,,,,,,,
262,,Rhinolophus sp.Kerbis,,SPECIES,,MANUSCRIPT,INFORMAL,f,,,Rhinolophus,,sp.Kerbis,,,{},{},,{},{},,,,,,,,,
25,,Asellia,,GENUS,,,SCIENTIFIC,f,,Asellia,,,,,,{},{},,{},{},,,,,,,,,
330,,Kerivoula sp.Tomes,,SPECIES,,MANUSCRIPT,INFORMAL,f,,,Kerivoula,,sp.Tomes,,,{},{},,{},{},,,,,,,,,
334,,Laephotis sp.Monard,,SPECIES,,MANUSCRIPT,INFORMAL,f,,,Laephotis,,sp.Monard,,,{},{},,{},{},,,,,,,,,
29,,Aselliscus,,GENUS,,,SCIENTIFIC,f,,Aselliscus,,,,,,{},{},,{},{},,,,,,,,,
258,,Rhinolophus,"Lacepede, 1799",GENUS,ZOOLOGICAL,,SCIENTIFIC,f,,Rhinolophus,,,,,,{},{},,{Lacepede},{},1799,,,,,,,,
406,,"Pipistrellus sp. grandidieri(Dobson 1876(Dobson,1876)grandidieri(Dobson 1876",,SPECIES,,,INFORMAL,f,,,Pipistrellus,,,,,{},{},,{},{},,,,,,,"grandidieri(Dobson 1876(Dobson,1876)grandidieri(Dobson 1876",,
101,,Chaerephon sp.J,,SPECIES,,MANUSCRIPT,INFORMAL,f,,,Chaerephon,,sp.J,,,{},{},,{},{},,,,,,,,,
186,,"Epomophorus sp.Claessen &De Vree,1991",,SPECIES,,MANUSCRIPT,INFORMAL,f,,,Epomophorus,,sp.Claessen,,,{},{},,{},{},,,,,,,"&De Vree,1991",,
442,,"Macronycteris sp. gigas(Wagner 1845(Wagner,1845)gigas(Wagner 1845",,SPECIES,,,INFORMAL,f,,,Macronycteris,,,,,{},{},,{},{},,,,,,,"gigas(Wagner 1845(Wagner,1845)gigas(Wagner 1845",,
173,,Casinycteris,,GENUS,,,SCIENTIFIC,f,,Casinycteris,,,,,,{},{},,{},{},,,,,,,,,
114,,"Tadarida (Mops) sp. sp.demonstrator(Thomas 1903(Thomas,1903)demonstrator(Thomas 1903",,SPECIES,,,INFORMAL,f,,,Tadarida,Mops,,,,{},{},,{},{},,,,,,,"sp.demonstrator(Thomas 1903(Thomas,1903)demonstrator(Thomas 1903",,
419,,"Scotoecus sp. albofuscus(Thomas 1890(Thomas,1890)albofuscus(Thomas 1890",,SPECIES,,,INFORMAL,f,,,Scotoecus,,,,,{},{},,{},{},,,,,,,"albofuscus(Thomas 1890(Thomas,1890)albofuscus(Thomas 1890",,
245,,Pteropus sp.,,SPECIES,,,INFORMAL,f,,,Pteropus,,,,,{},{},,{},{},,,,,,,,,
42,,"Hipposideros sp. caffer(Sundevall 1846(Sundevall,1846)caffer(Sundevall 1846",,SPECIES,,,INFORMAL,f,,,Hipposideros,,,,,{},{},,{},{},,,,,,,"caffer(Sundevall 1846(Sundevall,1846)caffer(Sundevall 1846",,
347,,Miniopterus sp.Thomas,,SPECIES,,MANUSCRIPT,INFORMAL,f,,,Miniopterus,,sp.Thomas,,,{},{},,{},{},,,,,,,,,
317,,Pipistrellus sp.Thomas,,SPECIES,,MANUSCRIPT,INFORMAL,f,,,Pipistrellus,,sp.Thomas,,,{},{},,{},{},,,,,,,,,
12,,"Saccolaimus sp. peli(Temminck 1853(Temminck,1853)peli(Temminck 1853",,SPECIES,,,INFORMAL,f,,,Saccolaimus,,,,,{},{},,{},{},,,,,,,"peli(Temminck 1853(Temminck,1853)peli(Temminck 1853",,
275,,Rhinolophus sp.Aellen,,SPECIES,,MANUSCRIPT,INFORMAL,f,,,Rhinolophus,,sp.Aellen,,,{},{},,{},{},,,,,,,,,
389,,Eptesicus sp.Roberts,,SPECIES,,MANUSCRIPT,INFORMAL,f,,,Eptesicus,,sp.Roberts,,,{},{},,{},{},,,,,,,,,
84,,Tadarida (Chaerephon) sp.Harrison,,SPECIES,,MANUSCRIPT,INFORMAL,f,,,Tadarida,Chaerephon,sp.Harrison,,,{},{},,{},{},,,,,,,,,
203,,Hypsignathus sp.H,,SPECIES,,MANUSCRIPT,INFORMAL,f,,,Hypsignathus,,sp.H,,,{},{},,{},{},,,,,,,,,
156,,Tadarida,"Rafinesque, 1814",GENUS,ZOOLOGICAL,,SCIENTIFIC,f,,Tadarida,,,,,,{},{},,{Rafinesque},{},1814,,,,,,,,
131,,Mops (Mops) sp.J,,SPECIES,,MANUSCRIPT,INFORMAL,f,,,Mops,Mops,sp.J,,,{},{},,{},{},,,,,,,,,
228,,Nanonycteris sp.Geoffroy,,SPECIES,,MANUSCRIPT,INFORMAL,f,,,Nanonycteris,,sp.Geoffroy,,,{},{},,{},{},,,,,,,,,
59,,"Cardioderma sp. cor(Peters 1872(Peters,1872)cor(Peters 1872",,SPECIES,,,INFORMAL,f,,,Cardioderma,,,,,{},{},,{},{},,,,,,,"cor(Peters 1872(Peters,1872)cor(Peters 1872",,
364,,"Neoromicia sp. brunnea(Thomas 1880(Thomas,1880)brunnea(Thomas 1880",,SPECIES,,,INFORMAL,f,,,Neoromicia,,,,,{},{},,{},{},,,,,,,"brunnea(Thomas 1880(Thomas,1880)brunnea(Thomas 1880",,
300,,Glauconycteris sp.Hayman,,SPECIES,,MANUSCRIPT,INFORMAL,f,,,Glauconycteris,,sp.Hayman,,,{},{},,{},{},,,,,,,,,
292,,Kerivoula sp.Gray,,SPECIES,,MANUSCRIPT,INFORMAL,f,,,Kerivoula,,sp.Gray,,,{},{},,{},{},,,,,,,,,
372,,Vesperus sp.Bocage,,SPECIES,,MANUSCRIPT,INFORMAL,f,,,Vesperus,,sp.Bocage,,,{},{},,{},{},,,,,,,,,
67,,"Chaerephon sp. aloysiisabaudiae(Festa 1907(Festa,1907)aloysiisabaudiae(Festa 1907",,SPECIES,,,INFORMAL,f,,,Chaerephon,,,,,{},{},,{},{},,,,,,,"aloysiisabaudiae(Festa 1907(Festa,1907)aloysiisabaudiae(Festa 1907",,
220,,Cynonycteris sp.Dobson,,SPECIES,,MANUSCRIPT,INFORMAL,f,,,Cynonycteris,,sp.Dobson,,,{},{},,{},{},,,,,,,,,
139,,"Mops (Xiphonycteris) sp. sp.thersites(Thomas 1903(Thomas,1903)thersites(Thomas 1903",,SPECIES,,,INFORMAL,f,,,Mops,Xiphonycteris,,,,{},{},,{},{},,,,,,,"sp.thersites(Thomas 1903(Thomas,1903)thersites(Thomas 1903",,
148,,"Myopterus sp. whitleyi(Scharff 1900(Scharff,1900)whitleyi(Scharff 1900",,SPECIES,,,INFORMAL,f,,,Myopterus,,,,,{},{},,{},{},,,,,,,"whitleyi(Scharff 1900(Scharff,1900)whitleyi(Scharff 1900",,
211,,"Micropteropus sp. pusillus(Peters 1868(Peters,1868)pusillus(Peters 1868",,SPECIES,,,INFORMAL,f,,,Micropteropus,,,,,{},{},,{},{},,,,,,,"pusillus(Peters 1868(Peters,1868)pusillus(Peters 1868",,
76,,"Chaerephon sp. bemmeleni(Jentink 1879(Jentink,1879)bemmeleni(Jentink 1879",,SPECIES,,,INFORMAL,f,,,Chaerephon,,,,,{},{},,{},{},,,,,,,"bemmeleni(Jentink 1879(Jentink,1879)bemmeleni(Jentink 1879",,
381,,"Neoromicia sp. rendalli(Thomas 1889(Thomas,1889)rendalli(Thomas 1889",,SPECIES,,,INFORMAL,f,,,Neoromicia,,,,,{},{},,{},{},,,,,,,"rendalli(Thomas 1889(Thomas,1889)rendalli(Thomas 1889",,
283,,Rhinolophus sp.Temminck,,SPECIES,,MANUSCRIPT,INFORMAL,f,,,Rhinolophus,,sp.Temminck,,,{},{},,{},{},,,,,,,,,
4,,Chiroptera,"Blumenbach, 1779",ORDER,ZOOLOGICAL,,SCIENTIFIC,f,,Chiroptera,,,,,,{},{},,{Blumenbach},{},1779,,,,,,,,
309,,Vesperugo,"Anchieta Seabra, 1900",GENUS,ZOOLOGICAL,,SCIENTIFIC,f,,Vesperugo,,,,,,{},{},,"{""Anchieta Seabra""}",{},1900,,,,,,,,
355,,Vespertilio,"Bocagii Peters, 1870",GENUS,ZOOLOGICAL,,SCIENTIFIC,f,,Vespertilio,,,,,,{},{},,"{""Bocagii Peters""}",{},1870,,,,,,,,
50,,"Hipposideros sp. ruber(Noack 1893(Noack,1893)ruber(Noack 1893",,SPECIES,,,INFORMAL,f,,,Hipposideros,,,,,{},{},,{},{},,,,,,,"ruber(Noack 1893(Noack,1893)ruber(Noack 1893",,
237,,Nanonycteris sp.Dobson,,SPECIES,,MANUSCRIPT,INFORMAL,f,,,Nanonycteris,,sp.Dobson,,,{},{},,{},{},,,,,,,,,
427,,Nycticejus sp.Cretzschmar,,SPECIES,,MANUSCRIPT,INFORMAL,f,,,Nycticejus,,sp.Cretzschmar,,,{},{},,{},{},,,,,,,,,
122,,Tadarida (Mops) sp.J,,SPECIES,,MANUSCRIPT,INFORMAL,f,,,Tadarida,Mops,sp.J,,,{},{},,{},{},,,,,,,,,
165,,Molossidae,"Gervais, 1856",FAMILY,ZOOLOGICAL,,SCIENTIFIC,f,,Molossidae,,,,,,{},{},,{Gervais},{},1856,,,,,,,,
194,,Epomophorus sp.Peters,,SPECIES,,MANUSCRIPT,INFORMAL,f,,,Epomophorus,,sp.Peters,,,{},{},,{},{},,,,,,,,,
93,,"Chaerephon sp. pumilus(Cretzschmar 1826(Cretzschmar,1826)pumilus(Cretzschmar 1826",,SPECIES,,,INFORMAL,f,,,Chaerephon,,,,,{},{},,{},{},,,,,,,"pumilus(Cretzschmar 1826(Cretzschmar,1826)pumilus(Cretzschmar 1826",,
398,,Nycticejus,"Schlieffenii Peters, 1860",GENUS,ZOOLOGICAL,,SCIENTIFIC,f,,Nycticejus,,,,,,{},{},,"{""Schlieffenii Peters""}",{},1860,,,,,,,,
266,,Rhinolophus sp.Aellen,,SPECIES,,MANUSCRIPT,INFORMAL,f,,,Rhinolophus,,sp.Aellen,,,{},{},,{},{},,,,,,,,,
21,,Taphozous sp.Cretzschmar,,SPECIES,,MANUSCRIPT,INFORMAL,f,,,Taphozous,,sp.Cretzschmar,,,{},{},,{},{},,,,,,,,,
326,,Kerivoula sp.Thomas,,SPECIES,,MANUSCRIPT,INFORMAL,f,,,Kerivoula,,sp.Thomas,,,{},{},,{},{},,,,,,,,,
338,,"Mimetillus sp. moloneyi(Thomas 1891(Thomas,1891)moloneyi(Thomas 1891",,SPECIES,,,INFORMAL,f,,,Mimetillus,,,,,{},{},,{},{},,,,,,,"moloneyi(Thomas 1891(Thomas,1891)moloneyi(Thomas 1891",,
447,,Macronycteris sp.,,SPECIES,,,INFORMAL,f,,,Macronycteris,,,,,{},{},,{},{},,,,,,,,,
33,,Cloeotis sp.Thomas,,SPECIES,,MANUSCRIPT,INFORMAL,f,,,Cloeotis,,sp.Thomas,,,{},{},,{},{},,,,,,,,,
254,,"Stenonycteris sp. lanosus(Thomas 1906(Thomas,1906)lanosus(Thomas 1906",,SPECIES,,,INFORMAL,f,,,Stenonycteris,,,,,{},{},,{},{},,,,,,,"lanosus(Thomas 1906(Thomas,1906)lanosus(Thomas 1906",,
410,,"Pipistrellus sp. rueppellii(Fischer 1826(Fischer,1826)rueppellii(Fischer 1826",,SPECIES,,,INFORMAL,f,,,Pipistrellus,,,,,{},{},,{},{},,,,,,,"rueppellii(Fischer 1826(Fischer,1826)rueppellii(Fischer 1826",,
105,,Chaerephon sp.Thomas,,SPECIES,,MANUSCRIPT,INFORMAL,f,,,Chaerephon,,sp.Thomas,,,{},{},,{},{},,,,,,,,,
182,,"Epomophorus sp. wahlbergi(Sundevall 1846(Sundevall,1846)wahlbergi(Sundevall 1846",,SPECIES,,,INFORMAL,f,,,Epomophorus,,,,,{},{},,{},{},,,,,,,"wahlbergi(Sundevall 1846(Sundevall,1846)wahlbergi(Sundevall 1846",,
438,,Mammalia,,CLASS,,,SCIENTIFIC,f,,Mammalia,,,,,,{},{},,{},{},,,,,,,,,
177,,Eidolon sp.,,SPECIES,,,INFORMAL,f,,,Eidolon,,,,,{},{},,{},{},,,,,,,,,
110,,"Tadarida (Mops) sp. sp.condylura(A.Smith 1833(A.Smith,1833)condylura(A.Smith 1833",,SPECIES,,,INFORMAL,f,,,Tadarida,Mops,,,,{},{},,{},{},,,,,,,"sp.condylura(A.Smith 1833(A.Smith,1833)condylura(A.Smith 1833",,
415,,Pipistrellus sp.Thomas,,SPECIES,,MANUSCRIPT,INFORMAL,f,,,Pipistrellus,,sp.Thomas,,,{},{},,{},{},,,,,,,,,
249,,Scotonycteris sp.Hassanin,,SPECIES,,MANUSCRIPT,INFORMAL,f,,,Scotonycteris,,sp.Hassanin,,,{},{},,{},{},,,,,,,,,
38,,Phyllorrhina sp.Temminck,,SPECIES,,MANUSCRIPT,INFORMAL,f,,,Phyllorrhina,,sp.Temminck,,,{},{},,{},{},,,,,,,,,
343,,Miniopterus,"Bonaparte, 1837",GENUS,ZOOLOGICAL,,SCIENTIFIC,f,,Miniopterus,,,,,,{},{},,{Bonaparte},{},1837,,,,,,,,
321,,"Kerivoula sp. lanosa(A.Smith 1847(A.Smith,1847)lanosa(A.Smith 1847",,SPECIES,,,INFORMAL,f,,,Kerivoula,,,,,{},{},,{},{},,,,,,,"lanosa(A.Smith 1847(A.Smith,1847)lanosa(A.Smith 1847",,
16,,Taphozous,,GENUS,,,SCIENTIFIC,f,,Taphozous,,,,,,{},{},,{},{},,,,,,,,,
271,,Rhinolophus sp.Temminck,,SPECIES,,MANUSCRIPT,INFORMAL,f,,,Rhinolophus,,sp.Temminck,,,{},{},,{},{},,,,,,,,,
393,,Neoromicia sp.,,SPECIES,,,INFORMAL,f,,,Neoromicia,,,,,{},{},,{},{},,,,,,,,,
88,,"Chaerephon sp. leucogaster(A.Grandidier 1869(A.Grandidier,1869)leucogaster(A.Grandidier 1869",,SPECIES,,,INFORMAL,f,,,Chaerephon,,,,,{},{},,{},{},,,,,,,"leucogaster(A.Grandidier 1869(A.Grandidier,1869)leucogaster(A.Grandidier 1869",,
199,,"Epomops sp. franqueti(Tomes 1860(Tomes,1860)franqueti(Tomes 1860",,SPECIES,,,INFORMAL,f,,,Epomops,,,,,{},{},,{},{},,,,,,,"franqueti(Tomes 1860(Tomes,1860)franqueti(Tomes 1860",,
160,,"Tadarida sp. fulminans(Thomas 1903(Thomas,1903)fulminans(Thomas 1903",,SPECIES,,,INFORMAL,f,,,Tadarida,,,,,{},{},,{},{},,,,,,,"fulminans(Thomas 1903(Thomas,1903)fulminans(Thomas 1903",,
127,,Mops sp.J,,SPECIES,,MANUSCRIPT,INFORMAL,f,,,Mops,,sp.J,,,{},{},,{},{},,,,,,,,,
432,,Scotophilus sp.Thomas,,SPECIES,,MANUSCRIPT,INFORMAL,f,,,Scotophilus,,sp.Thomas,,,{},{},,{},{},,,,,,,,,
232,,Nanonycteris sp.Dobson,,SPECIES,,MANUSCRIPT,INFORMAL,f,,,Nanonycteris,,sp.Dobson,,,{},{},,{},{},,,,,,,,,
55,,Hipposideros sp.Eisentraut,,SPECIES,,MANUSCRIPT,INFORMAL,f,,,Hipposideros,,sp.Eisentraut,,,{},{},,{},{},,,,,,,,,
360,,Myotis sp.,,SPECIES,,,INFORMAL,f,,,Myotis,,,,,{},{},,{},{},,,,,,,,,
304,,"Glauconycteris sp.Eger &Schlitter,2001",,SPECIES,,MANUSCRIPT,INFORMAL,f,,,Glauconycteris,,sp.Eger,,,{},{},,{},{},,,,,,,"&Schlitter,2001",,
288,,"Glauconycteris sp. argentata(Dobson 1875(Dobson,1875)argentata(Dobson 1875",,SPECIES,,,INFORMAL,f,,,Glauconycteris,,,,,{},{},,{},{},,,,,,,"argentata(Dobson 1875(Dobson,1875)argentata(Dobson 1875",,
376,,Vespertilio sp.Peters,,SPECIES,,MANUSCRIPT,INFORMAL,f,,,Vespertilio,,sp.Peters,,,{},{},,{},{},,,,,,,,,
71,,"Chaerephon sp. aloysiisabaudiae(Festa 1907(Festa,1907)aloysiisabaudiae(Festa 1907",,SPECIES,,,INFORMAL,f,,,Chaerephon,,,,,{},{},,{},{},,,,,,,"aloysiisabaudiae(Festa 1907(Festa,1907)aloysiisabaudiae(Festa 1907",,
216,,Cynonycteris,"Angolensis Bocage, 1898",GENUS,ZOOLOGICAL,,SCIENTIFIC,f,,Cynonycteris,,,,,,{},{},,"{""Angolensis Bocage""}",{},1898,,,,,,,,
143,,Mops (Xiphonycteris) sp.J,,SPECIES,,MANUSCRIPT,INFORMAL,f,,,Mops,Xiphonycteris,sp.J,,,{},{},,{},{},,,,,,,,,
144,,Mops (Allomops) sp.J,,SPECIES,,MANUSCRIPT,INFORMAL,f,,,Mops,Allomops,sp.J,,,{},{},,{},{},,,,,,,,,
215,,"Myonycteris sp. angolensis(Bocage 1898(Bocage,1898)angolensis(Bocage 1898",,SPECIES,,,INFORMAL,f,,,Myonycteris,,,,,{},{},,{},{},,,,,,,"angolensis(Bocage 1898(Bocage,1898)angolensis(Bocage 1898",,
72,,"Chaerephon sp. ansorgei(Thomas 1913(Thomas,1913)ansorgei(Thomas 1913",,SPECIES,,,INFORMAL,f,,,Chaerephon,,,,,{},{},,{},{},,,,,,,"ansorgei(Thomas 1913(Thomas,1913)ansorgei(Thomas 1913",,
377,,"Neoromicia sp. nana(Peters 1852(Peters,1852)nana(Peters 1852",,SPECIES,,,INFORMAL,f,,,Neoromicia,,,,,{},{},,{},{},,,,,,,"nana(Peters 1852(Peters,1852)nana(Peters 1852",,
287,,Glauconycteris,"Dobson, 1875",GENUS,ZOOLOGICAL,,SCIENTIFIC,f,,Glauconycteris,,,,,,{},{},,{Dobson},{},1875,,,,,,,,
305,,Glauconycteris sp.J,,SPECIES,,MANUSCRIPT,INFORMAL,f,,,Glauconycteris,,sp.J,,,{},{},,{},{},,,,,,,,,
359,,"Myotis sp. tricolor(Temminck 1832(Temminck,1832)tricolor(Temminck 1832",,SPECIES,,,INFORMAL,f,,,Myotis,,,,,{},{},,{},{},,,,,,,"tricolor(Temminck 1832(Temminck,1832)tricolor(Temminck 1832",,
54,,Hipposiderus sp.K,,SPECIES,,MANUSCRIPT,INFORMAL,f,,,Hipposiderus,,sp.K,,,{},{},,{},{},,,,,,,,,
233,,Nycteris sp.Dobson,,SPECIES,,MANUSCRIPT,INFORMAL,f,,,Nycteris,,sp.Dobson,,,{},{},,{},{},,,,,,,,,
431,,"Scotophilus sp. nigrita(Schreber 1774(Schreber,1774)nigrita(Schreber 1774",,SPECIES,,,INFORMAL,f,,,Scotophilus,,,,,{},{},,{},{},,,,,,,"nigrita(Schreber 1774(Schreber,1774)nigrita(Schreber 1774",,
126,,Mops (Mops) sp.J,,SPECIES,,MANUSCRIPT,INFORMAL,f,,,Mops,Mops,sp.J,,,{},{},,{},{},,,,,,,,,
161,,"Tadarida sp. ventralis(Heuglin 1861(Heuglin,1861)ventralis(Heuglin 1861",,SPECIES,,,INFORMAL,f,,,Tadarida,,,,,{},{},,{},{},,,,,,,"ventralis(Heuglin 1861(Heuglin,1861)ventralis(Heuglin 1861",,
198,,"Epomops sp. dobsonii(Bocage 1889(Bocage,1889)dobsonii(Bocage 1889",,SPECIES,,,INFORMAL,f,,,Epomops,,,,,{},{},,{},{},,,,,,,"dobsonii(Bocage 1889(Bocage,1889)dobsonii(Bocage 1889",,
89,,"Chaerephon sp. major(Trouessart 1897(Trouessart,1897)major(Trouessart 1897",,SPECIES,,,INFORMAL,f,,,Chaerephon,,,,,{},{},,{},{},,,,,,,"major(Trouessart 1897(Trouessart,1897)major(Trouessart 1897",,
394,,Nycticeinops,,GENUS,,,SCIENTIFIC,f,,Nycticeinops,,,,,,{},{},,{},{},,,,,,,,,
270,,Lavia,"Gray, 1838",GENUS,ZOOLOGICAL,,SCIENTIFIC,f,,Lavia,,,,,,{},{},,{Gray},{},1838,,,,,,,,
17,,Taphozous sp.Cretzschmar,,SPECIES,,MANUSCRIPT,INFORMAL,f,,,Taphozous,,sp.Cretzschmar,,,{},{},,{},{},,,,,,,,,
322,,Vespertilio sp.A,,SPECIES,,MANUSCRIPT,INFORMAL,f,,,Vespertilio,,sp.A,,,{},{},,{},{},,,,,,,,,
342,,Mimetillus sp.Hinton,,SPECIES,,MANUSCRIPT,INFORMAL,f,,,Mimetillus,,sp.Hinton,,,{},{},,{},{},,,,,,,,,
37,,"Hipposideros sp. cyclops(Temminck 1853(Temminck,1853)cyclops(Temminck 1853",,SPECIES,,,INFORMAL,f,,,Hipposideros,,,,,{},{},,{},{},,,,,,,"cyclops(Temminck 1853(Temminck,1853)cyclops(Temminck 1853",,
250,,Stenonycteris,,GENUS,,,SCIENTIFIC,f,,Stenonycteris,,,,,,{},{},,{},{},,,,,,,,,
414,,Pipistrellus sp.Thomas,,SPECIES,,MANUSCRIPT,INFORMAL,f,,,Pipistrellus,,sp.Thomas,,,{},{},,{},{},,,,,,,,,
109,,Nyctinomus,"Condylurus A.Smith, 1833",GENUS,ZOOLOGICAL,,SCIENTIFIC,f,,Nyctinomus,,,,,,{},{},,"{""Condylurus A.Smith""}",{},1833,,,,,,,,
178,,Eidolon sp.,,SPECIES,,,INFORMAL,f,,,Eidolon,,,,,{},{},,{},{},,,,,,,,,
437,,Chordata,,PHYLUM,,,SCIENTIFIC,f,,Chordata,,,,,,{},{},,{},{},,,,,,,,,
181,,"Epomophorus sp. labiatus(Temminck 1837(Temminck,1837)labiatus(Temminck 1837",,SPECIES,,,INFORMAL,f,,,Epomophorus,,,,,{},{},,{},{},,,,,,,"labiatus(Temminck 1837(Temminck,1837)labiatus(Temminck 1837",,
106,,Chaerephon sp.,,SPECIES,,,INFORMAL,f,,,Chaerephon,,,,,{},{},,{},{},,,,,,,,,
411,,"Pipistrellus (Scotozous) sp. sp.rüppelli(Fischer 1826(Fischer,1826)rüppelli(Fischer 1826",,SPECIES,,,INFORMAL,f,,,Pipistrellus,Scotozous,,,,{},{},,{},{},,,,,,,"sp.rüppelli(Fischer 1826(Fischer,1826)rüppelli(Fischer 1826",,
253,,Rousettus sp.Thomas,,SPECIES,,MANUSCRIPT,INFORMAL,f,,,Rousettus,,sp.Thomas,,,{},{},,{},{},,,,,,,,,
34,,Cloeotis sp.Thomas,,SPECIES,,MANUSCRIPT,INFORMAL,f,,,Cloeotis,,sp.Thomas,,,{},{},,{},{},,,,,,,,,
446,,"Macronycteris sp. vittatus(Peters 1852(Peters,1852)vittatus(Peters 1852",,SPECIES,,,INFORMAL,f,,,Macronycteris,,,,,{},{},,{},{},,,,,,,"vittatus(Peters 1852(Peters,1852)vittatus(Peters 1852",,
339,,Vesperugo (Vesperus),"Moloneyi Thomas, 1891",SUBGENUS,ZOOLOGICAL,,SCIENTIFIC,f,,,Vesperugo,Vesperus,,,,{},{},,"{""Moloneyi Thomas""}",{},1891,,,,,,,,
325,,Kerivoula sp.Thomas,,SPECIES,,MANUSCRIPT,INFORMAL,f,,,Kerivoula,,sp.Thomas,,,{},{},,{},{},,,,,,,,,
20,,Taphozous sp.E,,SPECIES,,MANUSCRIPT,INFORMAL,f,,,Taphozous,,sp.E,,,{},{},,{},{},,,,,,,,,
267,,Rhinolophus sp.Peters,,SPECIES,,MANUSCRIPT,INFORMAL,f,,,Rhinolophus,,sp.Peters,,,{},{},,{},{},,,,,,,,,
397,,Nycticeius (Scoteinus) sp.Peters,,SPECIES,,MANUSCRIPT,INFORMAL,f,,,Nycticeius,Scoteinus,sp.Peters,,,{},{},,{},{},,,,,,,,,
92,,"Chaerephon sp. major(Trouessart 1897(Trouessart,1897)major(Trouessart 1897",,SPECIES,,,INFORMAL,f,,,Chaerephon,,,,,{},{},,{},{},,,,,,,"major(Trouessart 1897(Trouessart,1897)major(Trouessart 1897",,
195,,Epomops,"Gray, 1866",GENUS,ZOOLOGICAL,,SCIENTIFIC,f,,Epomops,,,,,,{},{},,{Gray},{},1866,,,,,,,,
164,,"Tadarida sp. ventralis(Heuglin 1861(Heuglin,1861)ventralis(Heuglin 1861",,SPECIES,,,INFORMAL,f,,,Tadarida,,,,,{},{},,{},{},,,,,,,"ventralis(Heuglin 1861(Heuglin,1861)ventralis(Heuglin 1861",,
123,,Mops (Mops) sp.J,,SPECIES,,MANUSCRIPT,INFORMAL,f,,,Mops,Mops,sp.J,,,{},{},,{},{},,,,,,,,,
208,,Micropteropus,"Matschie, 1899",GENUS,ZOOLOGICAL,,SCIENTIFIC,f,,Micropteropus,,,,,,{},{},,{Matschie},{},1899,,,,,,,,
428,,"Scotophilus sp. leucogaster(Cretzschmar 1826(Cretzschmar,1826)leucogaster(Cretzschmar 1826",,SPECIES,,,INFORMAL,f,,,Scotophilus,,,,,{},{},,{},{},,,,,,,"leucogaster(Cretzschmar 1826(Cretzschmar,1826)leucogaster(Cretzschmar 1826",,
236,,Nanonycteris sp.E,,SPECIES,,MANUSCRIPT,INFORMAL,f,,,Nanonycteris,,sp.E,,,{},{},,{},{},,,,,,,,,
51,,Hipposideros sp.Eisentraut,,SPECIES,,MANUSCRIPT,INFORMAL,f,,,Hipposideros,,sp.Eisentraut,,,{},{},,{},{},,,,,,,,,
356,,"Myotis sp. bocagii(Peters 1870(Peters,1870)bocagii(Peters 1870",,SPECIES,,,INFORMAL,f,,,Myotis,,,,,{},{},,{},{},,,,,,,"bocagii(Peters 1870(Peters,1870)bocagii(Peters 1870",,
308,,"Hypsugo sp. anchietae(Seabra 1900(Seabra,1900)anchietae(Seabra 1900",,SPECIES,,,INFORMAL,f,,,Hypsugo,,,,,{},{},,{},{},,,,,,,"anchietae(Seabra 1900(Seabra,1900)anchietae(Seabra 1900",,
3,,Mammalia,,CLASS,,,SCIENTIFIC,f,,Mammalia,,,,,,{},{},,{},{},,,,,,,,,
284,,Rhinolophus sp.K,,SPECIES,,MANUSCRIPT,INFORMAL,f,,,Rhinolophus,,sp.K,,,{},{},,{},{},,,,,,,,,
380,,Vesperugo (Vesperus),"Rendalli Thomas, 1889",SUBGENUS,ZOOLOGICAL,,SCIENTIFIC,f,,,Vesperugo,Vesperus,,,,{},{},,"{""Rendalli Thomas""}",{},1889,,,,,,,,
75,,"Chaerephon sp. ansorgei(Thomas 1913(Thomas,1913)ansorgei(Thomas 1913",,SPECIES,,,INFORMAL,f,,,Chaerephon,,,,,{},{},,{},{},,,,,,,"ansorgei(Thomas 1913(Thomas,1913)ansorgei(Thomas 1913",,
212,,Micropteropus sp.Hayman,,SPECIES,,MANUSCRIPT,INFORMAL,f,,,Micropteropus,,sp.Hayman,,,{},{},,{},{},,,,,,,,,
147,,Myopterus,,GENUS,,,SCIENTIFIC,f,,Myopterus,,,,,,{},{},,{},{},,,,,,,,,
140,,Nyctinomus sp.Thomas,,SPECIES,,MANUSCRIPT,INFORMAL,f,,,Nyctinomus,,sp.Thomas,,,{},{},,{},{},,,,,,,,,
219,,"Myonycteris sp. torquata(Dobson 1878(Dobson,1878)torquata(Dobson 1878",,SPECIES,,,INFORMAL,f,,,Myonycteris,,,,,{},{},,{},{},,,,,,,"torquata(Dobson 1878(Dobson,1878)torquata(Dobson 1878",,
68,,Nyctinomus sp.Festa,,SPECIES,,MANUSCRIPT,INFORMAL,f,,,Nyctinomus,,sp.Festa,,,{},{},,{},{},,,,,,,,,
373,,"Neoromicia sp. guineensis(Bocage 1889(Bocage,1889)guineensis(Bocage 1889",,SPECIES,,,INFORMAL,f,,,Neoromicia,,,,,{},{},,{},{},,,,,,,"guineensis(Bocage 1889(Bocage,1889)guineensis(Bocage 1889",,
291,,"Glauconycteris sp. poensis(Gray 1842(Gray,1842)poensis(Gray 1842",,SPECIES,,,INFORMAL,f,,,Glauconycteris,,,,,{},{},,{},{},,,,,,,"poensis(Gray 1842(Gray,1842)poensis(Gray 1842",,
301,,Glauconycteris sp.J,,SPECIES,,MANUSCRIPT,INFORMAL,f,,,Glauconycteris,,sp.J,,,{},{},,{},{},,,,,,,,,
363,,Neoromicia,"Roberts, 1926",GENUS,ZOOLOGICAL,,SCIENTIFIC,f,,Neoromicia,,,,,,{},{},,{Roberts},{},1926,,,,,,,,
58,,Cardioderma,,GENUS,,,SCIENTIFIC,f,,Cardioderma,,,,,,{},{},,{},{},,,,,,,,,
229,,Nycteris sp.Geoffroy,,SPECIES,,MANUSCRIPT,INFORMAL,f,,,Nycteris,,sp.Geoffroy,,,{},{},,{},{},,,,,,,,,
435,,Rousettinae,"K.Andersen, 1912",SUBFAMILY,ZOOLOGICAL,,SCIENTIFIC,f,,Rousettinae,,,,,,{},{},,{K.Andersen},{},1912,,,,,,,,
130,,Mops (Mops) sp.J,,SPECIES,,MANUSCRIPT,INFORMAL,f,,,Mops,Mops,sp.J,,,{},{},,{},{},,,,,,,,,
157,,"Tadarida sp. fulminans(Thomas 1903(Thomas,1903)fulminans(Thomas 1903",,SPECIES,,,INFORMAL,f,,,Tadarida,,,,,{},{},,{},{},,,,,,,"fulminans(Thomas 1903(Thomas,1903)fulminans(Thomas 1903",,
202,,Hypsignathus,,GENUS,,,SCIENTIFIC,f,,Hypsignathus,,,,,,{},{},,{},{},,,,,,,,,
85,,"Chaerephon sp. gallagheri(Harrison 1975(Harrison,1975)gallagheri(Harrison 1975",,SPECIES,,,INFORMAL,f,,,Chaerephon,,,,,{},{},,{},{},,,,,,,"gallagheri(Harrison 1975(Harrison,1975)gallagheri(Harrison 1975",,
390,,"Neoromicia sp. zuluensis(Roberts 1924(Roberts,1924)zuluensis(Roberts 1924",,SPECIES,,,INFORMAL,f,,,Neoromicia,,,,,{},{},,{},{},,,,,,,"zuluensis(Roberts 1924(Roberts,1924)zuluensis(Roberts 1924",,
274,,Rhinolophus sp.Martin,,SPECIES,,MANUSCRIPT,INFORMAL,f,,,Rhinolophus,,sp.Martin,,,{},{},,{},{},,,,,,,,,
13,,Taphozous (Saccolaimus) sp.Temminck,,SPECIES,,MANUSCRIPT,INFORMAL,f,,,Taphozous,Saccolaimus,sp.Temminck,,,{},{},,{},{},,,,,,,,,
318,,"Hypsugo sp. musciculus(Thomas 1913(Thomas,1913)musciculus(Thomas 1913",,SPECIES,,,INFORMAL,f,,,Hypsugo,,,,,{},{},,{},{},,,,,,,"musciculus(Thomas 1913(Thomas,1913)musciculus(Thomas 1913",,
346,,"Miniopterus sp. natalensis(A.Smith 1833(A.Smith,1833)natalensis(A.Smith 1833",,SPECIES,,,INFORMAL,f,,,Miniopterus,,,,,{},{},,{},{},,,,,,,"natalensis(A.Smith 1833(A.Smith,1833)natalensis(A.Smith 1833",,
41,,"Hipposideros sp. beatus(K.Andersen 1906(K.Andersen,1906)beatus(K.Andersen 1906",,SPECIES,,,INFORMAL,f,,,Hipposideros,,,,,{},{},,{},{},,,,,,,"beatus(K.Andersen 1906(K.Andersen,1906)beatus(K.Andersen 1906",,
246,,"Rousettus sp. aegyptiacus(E.Geoffroy,1810)aegyptiacus",,SPECIES,,,INFORMAL,f,,,Rousettus,,,,,{},{},,{},{},,,,,,,"aegyptiacus(E.Geoffroy,1810)aegyptiacus",,
418,,Scotophilus sp.Thomas,,SPECIES,,MANUSCRIPT,INFORMAL,f,,,Scotophilus,,sp.Thomas,,,{},{},,{},{},,,,,,,,,
113,,Nyctinomus sp.Thomas,,SPECIES,,MANUSCRIPT,INFORMAL,f,,,Nyctinomus,,sp.Thomas,,,{},{},,{},{},,,,,,,,,
174,,Casinycteris sp.Thomas,,SPECIES,,MANUSCRIPT,INFORMAL,f,,,Casinycteris,,sp.Thomas,,,{},{},,{},{},,,,,,,,,
441,,Macronycteris,"Gray, 1866",GENUS,ZOOLOGICAL,,SCIENTIFIC,f,,Macronycteris,,,,,,{},{},,{Gray},{},1866,,,,,,,,
185,,Epomophorus sp.Dobson,,SPECIES,,MANUSCRIPT,INFORMAL,f,,,Epomophorus,,sp.Dobson,,,{},{},,{},{},,,,,,,,,
102,,Chaerephon (Lophomops) sp.J,,SPECIES,,MANUSCRIPT,INFORMAL,f,,,Chaerephon,Lophomops,sp.J,,,{},{},,{},{},,,,,,,,,
407,,"Pipistrellus sp. hesperidus(Temminck 1840(Temminck,1840)hesperidus(Temminck 1840",,SPECIES,,,INFORMAL,f,,,Pipistrellus,,,,,{},{},,{},{},,,,,,,"hesperidus(Temminck 1840(Temminck,1840)hesperidus(Temminck 1840",,
257,,Rhinolophidae,,FAMILY,,,SCIENTIFIC,f,,Rhinolophidae,,,,,,{},{},,{},{},,,,,,,,,
30,,Aselliscus sp.,,SPECIES,,,INFORMAL,f,,,Aselliscus,,,,,{},{},,{},{},,,,,,,,,
335,,Laephotis sp.Monard,,SPECIES,,MANUSCRIPT,INFORMAL,f,,,Laephotis,,sp.Monard,,,{},{},,{},{},,,,,,,,,
329,,Kerivoula sp.Thomas,,SPECIES,,MANUSCRIPT,INFORMAL,f,,,Kerivoula,,sp.Thomas,,,{},{},,{},{},,,,,,,,,
24,,Hipposideridae,"Lydekker, 1891",FAMILY,ZOOLOGICAL,,SCIENTIFIC,f,,Hipposideridae,,,,,,{},{},,{Lydekker},{},1891,,,,,,,,
263,,Rhinolophus sp.Ruppell,,SPECIES,,MANUSCRIPT,INFORMAL,f,,,Rhinolophus,,sp.Ruppell,,,{},{},,{},{},,,,,,,,,
401,,Nycticeinops sp.,,SPECIES,,,INFORMAL,f,,,Nycticeinops,,,,,{},{},,{},{},,,,,,,,,
96,,"Chaerephon sp. pumilus(Cretzschmar 1826(Cretzschmar,1826)pumilus(Cretzschmar 1826",,SPECIES,,,INFORMAL,f,,,Chaerephon,,,,,{},{},,{},{},,,,,,,"pumilus(Cretzschmar 1826(Cretzschmar,1826)pumilus(Cretzschmar 1826",,
191,,"Epomophorus sp.Claessen &De Vree,1991",,SPECIES,,MANUSCRIPT,INFORMAL,f,,,Epomophorus,,sp.Claessen,,,{},{},,{},{},,,,,,,"&De Vree,1991",,
168,,Petalia,,GENUS,,,SCIENTIFIC,f,,Petalia,,,,,,{},{},,{},{},,,,,,,,,
119,,Mops sp.J,,SPECIES,,MANUSCRIPT,INFORMAL,f,,,Mops,,sp.J,,,{},{},,{},{},,,,,,,,,
424,,Vespertilio,"Dinganii A.Smith, 1833",GENUS,ZOOLOGICAL,,SCIENTIFIC,f,,Vespertilio,,,,,,{},{},,"{""Dinganii A.Smith""}",{},1833,,,,,,,,
240,,"Plerotes sp. anchietae(Seabra 1900(Seabra,1900)anchietae(Seabra 1900",,SPECIES,,,INFORMAL,f,,,Plerotes,,,,,{},{},,{},{},,,,,,,"anchietae(Seabra 1900(Seabra,1900)anchietae(Seabra 1900",,
47,,"Hipposideros sp. fuliginosus(Temminck 1853(Temminck,1853)fuliginosus(Temminck 1853",,SPECIES,,,INFORMAL,f,,,Hipposideros,,,,,{},{},,{},{},,,,,,,"fuliginosus(Temminck 1853(Temminck,1853)fuliginosus(Temminck 1853",,
352,,Miniopterus sp.Thomas,,SPECIES,,MANUSCRIPT,INFORMAL,f,,,Miniopterus,,sp.Thomas,,,{},{},,{},{},,,,,,,,,
312,,Pipistrellus sp.Hill,,SPECIES,,MANUSCRIPT,INFORMAL,f,,,Pipistrellus,,sp.Hill,,,{},{},,{},{},,,,,,,,,
7,,Coleura,,GENUS,,,SCIENTIFIC,f,,Coleura,,,,,,{},{},,{},{},,,,,,,,,
280,,Rhinolophus sp.Kerbis,,SPECIES,,MANUSCRIPT,INFORMAL,f,,,Rhinolophus,,sp.Kerbis,,,{},{},,{},{},,,,,,,,,
384,,"Neoromicia sp. tenuipinnis(Peters 1872(Peters,1872)tenuipinnis(Peters 1872",,SPECIES,,,INFORMAL,f,,,Neoromicia,,,,,{},{},,{},{},,,,,,,"tenuipinnis(Peters 1872(Peters,1872)tenuipinnis(Peters 1872",,
79,,"Chaerephon sp. bemmeleni(Jentink 1879(Jentink,1879)bemmeleni(Jentink 1879",,SPECIES,,,INFORMAL,f,,,Chaerephon,,,,,{},{},,{},{},,,,,,,"bemmeleni(Jentink 1879(Jentink,1879)bemmeleni(Jentink 1879",,
136,,"Mops (Xiphonycteris) sp. sp.spurrelli(Dollman 1911(Dollman,1911)spurrelli(Dollman 1911",,SPECIES,,,INFORMAL,f,,,Mops,Xiphonycteris,,,,{},{},,{},{},,,,,,,"sp.spurrelli(Dollman 1911(Dollman,1911)spurrelli(Dollman 1911",,
223,,Myonycteris sp.Bergmans,,SPECIES,,MANUSCRIPT,INFORMAL,f,,,Myonycteris,,sp.Bergmans,,,{},{},,{},{},,,,,,,,,
64,,Miniopteridae,"Dobson, 1875",FAMILY,ZOOLOGICAL,,SCIENTIFIC,f,,Miniopteridae,,,,,,{},{},,{Dobson},{},1875,,,,,,,,
369,,Vespertilio,"Capensis A.Smith, 1829",GENUS,ZOOLOGICAL,,SCIENTIFIC,f,,Vespertilio,,,,,,{},{},,"{""Capensis A.Smith""}",{},1829,,,,,,,,
295,,Scotophilus sp.Tomes,,SPECIES,,MANUSCRIPT,INFORMAL,f,,,Scotophilus,,sp.Tomes,,,{},{},,{},{},,,,,,,,,
297,,Glauconycteris sp.Thomas,,SPECIES,,MANUSCRIPT,INFORMAL,f,,,Glauconycteris,,sp.Thomas,,,{},{},,{},{},,,,,,,,,
367,,"Neoromicia sp. capensis(A.Smith 1829(A.Smith,1829)capensis(A.Smith 1829",,SPECIES,,,INFORMAL,f,,,Neoromicia,,,,,{},{},,{},{},,,,,,,"capensis(A.Smith 1829(A.Smith,1829)capensis(A.Smith 1829",,
62,,Lavia,"Gray, 1838",GENUS,ZOOLOGICAL,,SCIENTIFIC,f,,Lavia,,,,,,{},{},,{Gray},{},1838,,,,,,,,
225,,"Nanonycteris sp. veldkampii(Jentink 1888(Jentink,1888)veldkampii(Jentink 1888",,SPECIES,,,INFORMAL,f,,,Nanonycteris,,,,,{},{},,{},{},,,,,,,"veldkampii(Jentink 1888(Jentink,1888)veldkampii(Jentink 1888",,
134,,"Tadarida (Mops) sp. sp.leonis(Thomas 1908(Thomas,1908)leonis(Thomas 1908",,SPECIES,,,INFORMAL,f,,,Tadarida,Mops,,,,{},{},,{},{},,,,,,,"sp.leonis(Thomas 1908(Thomas,1908)leonis(Thomas 1908",,
153,,Nyctinomus,,GENUS,,,SCIENTIFIC,f,,Nyctinomus,,,,,,{},{},,{},{},,,,,,,,,
206,,Megaloglossus sp.Pagenstecher,,SPECIES,,MANUSCRIPT,INFORMAL,f,,,Megaloglossus,,sp.Pagenstecher,,,{},{},,{},{},,,,,,,,,
81,,Nyctinomus sp.Heuglin,,SPECIES,,MANUSCRIPT,INFORMAL,f,,,Nyctinomus,,sp.Heuglin,,,{},{},,{},{},,,,,,,,,
386,,Vesperus sp.Peters,,SPECIES,,MANUSCRIPT,INFORMAL,f,,,Vesperus,,sp.Peters,,,{},{},,{},{},,,,,,,,,
278,,Rhinolophus sp.Gough,,SPECIES,,MANUSCRIPT,INFORMAL,f,,,Rhinolophus,,sp.Gough,,,{},{},,{},{},,,,,,,,,
9,,Emballonura sp.Peters,,SPECIES,,MANUSCRIPT,INFORMAL,f,,,Emballonura,,sp.Peters,,,{},{},,{},{},,,,,,,,,
314,,Pipistrellus sp.Thomas,,SPECIES,,MANUSCRIPT,INFORMAL,f,,,Pipistrellus,,sp.Thomas,,,{},{},,{},{},,,,,,,,,
350,,Miniopterus sp.Peters,,SPECIES,,MANUSCRIPT,INFORMAL,f,,,Miniopterus,,sp.Peters,,,{},{},,{},{},,,,,,,,,
45,,"Hipposideros sp. fuliginosus(Temminck 1853(Temminck,1853)fuliginosus(Temminck 1853",,SPECIES,,,INFORMAL,f,,,Hipposideros,,,,,{},{},,{},{},,,,,,,"fuliginosus(Temminck 1853(Temminck,1853)fuliginosus(Temminck 1853",,
242,,"Plerotes sp. anchietae(Seabra 1900(Seabra,1900)anchietae(Seabra 1900",,SPECIES,,,INFORMAL,f,,,Plerotes,,,,,{},{},,{},{},,,,,,,"anchietae(Seabra 1900(Seabra,1900)anchietae(Seabra 1900",,
422,,Scotophilus,"Leach, 1821",GENUS,ZOOLOGICAL,,SCIENTIFIC,f,,Scotophilus,,,,,,{},{},,{Leach},{},1821,,,,,,,,
117,,"Mops (Mops) sp. sp.midas(Sundevall 1843(Sundevall,1843)midas(Sundevall 1843",,SPECIES,,,INFORMAL,f,,,Mops,Mops,,,,{},{},,{},{},,,,,,,"sp.midas(Sundevall 1843(Sundevall,1843)midas(Sundevall 1843",,
170,,Petalia sp.,,SPECIES,,,INFORMAL,f,,,Petalia,,,,,{},{},,{},{},,,,,,,,,
445,,Phyllorrhina sp.Peters,,SPECIES,,MANUSCRIPT,INFORMAL,f,,,Phyllorrhina,,sp.Peters,,,{},{},,{},{},,,,,,,,,
189,,Epomophorus sp.Peters,,SPECIES,,MANUSCRIPT,INFORMAL,f,,,Epomophorus,,sp.Peters,,,{},{},,{},{},,,,,,,,,
98,,Tadarida (Chaerephon) sp.Thomas,,SPECIES,,MANUSCRIPT,INFORMAL,f,,,Tadarida,Chaerephon,sp.Thomas,,,{},{},,{},{},,,,,,,,,
403,,"Pipistrellus sp. grandidieri(Dobson 1876(Dobson,1876)grandidieri(Dobson 1876",,SPECIES,,,INFORMAL,f,,,Pipistrellus,,,,,{},{},,{},{},,,,,,,"grandidieri(Dobson 1876(Dobson,1876)grandidieri(Dobson 1876",,
261,,Rhinolophus sp.K,,SPECIES,,MANUSCRIPT,INFORMAL,f,,,Rhinolophus,,sp.K,,,{},{},,{},{},,,,,,,,,
26,,"Asellia sp. tridens(E.Geoffroy,1813)tridens",,SPECIES,,,INFORMAL,f,,,Asellia,,,,,{},{},,{},{},,,,,,,"tridens(E.Geoffroy,1813)tridens",,
331,,Kerivoula sp.Thomas,,SPECIES,,MANUSCRIPT,INFORMAL,f,,,Kerivoula,,sp.Thomas,,,{},{},,{},{},,,,,,,,,
28,,"Asellia sp. tridens(E.Geoffroy,1813)tridens",,SPECIES,,,INFORMAL,f,,,Asellia,,,,,{},{},,{},{},,,,,,,"tridens(E.Geoffroy,1813)tridens",,
259,,Rhinolophus sp.J,,SPECIES,,MANUSCRIPT,INFORMAL,f,,,Rhinolophus,,sp.J,,,{},{},,{},{},,,,,,,,,
405,,Vesperugo (Vesperus) sp.Dobson,,SPECIES,,MANUSCRIPT,INFORMAL,f,,,Vesperugo,Vesperus,sp.Dobson,,,{},{},,{},{},,,,,,,,,
100,,Tadarida (Chaerephon) sp.J,,SPECIES,,MANUSCRIPT,INFORMAL,f,,,Tadarida,Chaerephon,sp.J,,,{},{},,{},{},,,,,,,,,
187,,Epomophorus sp.Peters,,SPECIES,,MANUSCRIPT,INFORMAL,f,,,Epomophorus,,sp.Peters,,,{},{},,{},{},,,,,,,,,
443,,Rhinolophus sp.Wagner,,SPECIES,,MANUSCRIPT,INFORMAL,f,,,Rhinolophus,,sp.Wagner,,,{},{},,{},{},,,,,,,,,
172,,Pteropidae,"Gray, 1821",FAMILY,ZOOLOGICAL,,SCIENTIFIC,f,,Pteropidae,,,,,,{},{},,{Gray},{},1821,,,,,,,,
115,,"Mops (Mops) sp. sp.demonstrator(Thomas 1903(Thomas,1903)demonstrator(Thomas 1903",,SPECIES,,,INFORMAL,f,,,Mops,Mops,,,,{},{},,{},{},,,,,,,"sp.demonstrator(Thomas 1903(Thomas,1903)demonstrator(Thomas 1903",,
420,,Scotoecus sp.Thomas,,SPECIES,,MANUSCRIPT,INFORMAL,f,,,Scotoecus,,sp.Thomas,,,{},{},,{},{},,,,,,,,,
244,,"Rousettus sp. aegyptiacus(E.Geoffroy,1810)aegyptiacus",,SPECIES,,,INFORMAL,f,,,Rousettus,,,,,{},{},,{},{},,,,,,,"aegyptiacus(E.Geoffroy,1810)aegyptiacus",,
43,,Rhinolophus sp.Sundevall,,SPECIES,,MANUSCRIPT,INFORMAL,f,,,Rhinolophus,,sp.Sundevall,,,{},{},,{},{},,,,,,,,,
348,,Miniopterus sp.Peters,,SPECIES,,MANUSCRIPT,INFORMAL,f,,,Miniopterus,,sp.Peters,,,{},{},,{},{},,,,,,,,,
316,,"Hypsugo sp. musciculus(Thomas 1913(Thomas,1913)musciculus(Thomas 1913",,SPECIES,,,INFORMAL,f,,,Hypsugo,,,,,{},{},,{},{},,,,,,,"musciculus(Thomas 1913(Thomas,1913)musciculus(Thomas 1913",,
11,,Saccolaimus,,GENUS,,,SCIENTIFIC,f,,Saccolaimus,,,,,,{},{},,{},{},,,,,,,,,
276,,"Rhinolophus sp.Fahr &Kerbis Peterhans,2013",,SPECIES,,MANUSCRIPT,INFORMAL,f,,,Rhinolophus,,sp.Fahr,,,{},{},,{},{},,,,,,,"&Kerbis Peterhans,2013",,
388,,"Neoromicia sp. zuluensis(Roberts 1924(Roberts,1924)zuluensis(Roberts 1924",,SPECIES,,,INFORMAL,f,,,Neoromicia,,,,,{},{},,{},{},,,,,,,"zuluensis(Roberts 1924(Roberts,1924)zuluensis(Roberts 1924",,
83,,"Chaerephon sp. gallagheri(Harrison 1975(Harrison,1975)gallagheri(Harrison 1975",,SPECIES,,,INFORMAL,f,,,Chaerephon,,,,,{},{},,{},{},,,,,,,"gallagheri(Harrison 1975(Harrison,1975)gallagheri(Harrison 1975",,
204,,Hypsignathus sp.H,,SPECIES,,MANUSCRIPT,INFORMAL,f,,,Hypsignathus,,sp.H,,,{},{},,{},{},,,,,,,,,
155,,Nyctinomus sp.,,SPECIES,,,INFORMAL,f,,,Nyctinomus,,,,,{},{},,{},{},,,,,,,,,
132,,"Mops (Xiphonycteris) sp. sp.brachypterus(Peters 1852(Peters,1852)brachypterus(Peters 1852",,SPECIES,,,INFORMAL,f,,,Mops,Xiphonycteris,,,,{},{},,{},{},,,,,,,"sp.brachypterus(Peters 1852(Peters,1852)brachypterus(Peters 1852",,
227,,"Nanonycteris sp. veldkampii(Jentink 1888(Jentink,1888)veldkampii(Jentink 1888",,SPECIES,,,INFORMAL,f,,,Nanonycteris,,,,,{},{},,{},{},,,,,,,"veldkampii(Jentink 1888(Jentink,1888)veldkampii(Jentink 1888",,
60,,Megaderma sp.Peters,,SPECIES,,MANUSCRIPT,INFORMAL,f,,,Megaderma,,sp.Peters,,,{},{},,{},{},,,,,,,,,
365,,Vesperugo (Vesperus) sp.Thomas,,SPECIES,,MANUSCRIPT,INFORMAL,f,,,Vesperugo,Vesperus,sp.Thomas,,,{},{},,{},{},,,,,,,,,
299,,Glauconycteris sp.J,,SPECIES,,MANUSCRIPT,INFORMAL,f,,,Glauconycteris,,sp.J,,,{},{},,{},{},,,,,,,,,
293,,"Glauconycteris sp. poensis(Gray 1842(Gray,1842)poensis(Gray 1842",,SPECIES,,,INFORMAL,f,,,Glauconycteris,,,,,{},{},,{},{},,,,,,,"poensis(Gray 1842(Gray,1842)poensis(Gray 1842",,
371,,"Neoromicia sp. guineensis(Bocage 1889(Bocage,1889)guineensis(Bocage 1889",,SPECIES,,,INFORMAL,f,,,Neoromicia,,,,,{},{},,{},{},,,,,,,"guineensis(Bocage 1889(Bocage,1889)guineensis(Bocage 1889",,
66,,Chaerephon,"Dobson, 1874",GENUS,ZOOLOGICAL,,SCIENTIFIC,f,,Chaerephon,,,,,,{},{},,{Dobson},{},1874,,,,,,,,
221,,"Myonycteris sp. torquata(Dobson 1878(Dobson,1878)torquata(Dobson 1878",,SPECIES,,,INFORMAL,f,,,Myonycteris,,,,,{},{},,{},{},,,,,,,"torquata(Dobson 1878(Dobson,1878)torquata(Dobson 1878",,
138,,"Mops (Xiphonycteris) sp. sp.spurrelli(Dollman 1911(Dollman,1911)spurrelli(Dollman 1911",,SPECIES,,,INFORMAL,f,,,Mops,Xiphonycteris,,,,{},{},,{},{},,,,,,,"sp.spurrelli(Dollman 1911(Dollman,1911)spurrelli(Dollman 1911",,
149,,Mormopterus,"Whitleyi Scharff, 1900",GENUS,ZOOLOGICAL,,SCIENTIFIC,f,,Mormopterus,,,,,,{},{},,"{""Whitleyi Scharff""}",{},1900,,,,,,,,
210,,Epomophorus sp.Peters,,SPECIES,,MANUSCRIPT,INFORMAL,f,,,Epomophorus,,sp.Peters,,,{},{},,{},{},,,,,,,,,
77,,Nyctinomus,"Bemmeleni Jentink, 1879",GENUS,ZOOLOGICAL,,SCIENTIFIC,f,,Nyctinomus,,,,,,{},{},,"{""Bemmeleni Jentink""}",{},1879,,,,,,,,
382,,"Neoromicia sp. somalica(Thomas 1901(Thomas,1901)somalica(Thomas 1901",,SPECIES,,,INFORMAL,f,,,Neoromicia,,,,,{},{},,{},{},,,,,,,"somalica(Thomas 1901(Thomas,1901)somalica(Thomas 1901",,
282,,Rhinolophus sp.Peters,,SPECIES,,MANUSCRIPT,INFORMAL,f,,,Rhinolophus,,sp.Peters,,,{},{},,{},{},,,,,,,,,
5,,Chiroptera,"Blumenbach, 1779",ORDER,ZOOLOGICAL,,SCIENTIFIC,f,,Chiroptera,,,,,,{},{},,{Blumenbach},{},1779,,,,,,,,
310,,"Hypsugo sp. anchietae(Seabra 1900(Seabra,1900)anchietae(Seabra 1900",,SPECIES,,,INFORMAL,f,,,Hypsugo,,,,,{},{},,{},{},,,,,,,"anchietae(Seabra 1900(Seabra,1900)anchietae(Seabra 1900",,
354,,"Myotis sp. bocagii(Peters 1870(Peters,1870)bocagii(Peters 1870",,SPECIES,,,INFORMAL,f,,,Myotis,,,,,{},{},,{},{},,,,,,,"bocagii(Peters 1870(Peters,1870)bocagii(Peters 1870",,
49,,Phyllorhina sp.Noack,,SPECIES,,MANUSCRIPT,INFORMAL,f,,,Phyllorhina,,sp.Noack,,,{},{},,{},{},,,,,,,,,
238,,Nanonycteris sp.Aellen,,SPECIES,,MANUSCRIPT,INFORMAL,f,,,Nanonycteris,,sp.Aellen,,,{},{},,{},{},,,,,,,,,
426,,"Scotophilus sp. leucogaster(Cretzschmar 1826(Cretzschmar,1826)leucogaster(Cretzschmar 1826",,SPECIES,,,INFORMAL,f,,,Scotophilus,,,,,{},{},,{},{},,,,,,,"leucogaster(Cretzschmar 1826(Cretzschmar,1826)leucogaster(Cretzschmar 1826",,
121,,"Mops sp.Cabrera (Mops)&Ruxton,1926",,SPECIES,,MANUSCRIPT,INFORMAL,f,,,Mops,,sp.Cabrera,,,{},{},,{},{},,,,,,,"(Mops)&Ruxton,1926",,
166,,Nycteridae,,FAMILY,,,SCIENTIFIC,f,,Nycteridae,,,,,,{},{},,{},{},,,,,,,,,
193,,"Epomophorus sp.Bergmans &Van Strien,2004",,SPECIES,,MANUSCRIPT,INFORMAL,f,,,Epomophorus,,sp.Bergmans,,,{},{},,{},{},,,,,,,"&Van Strien,2004",,
94,,Dysopes sp.Cretzschmar,,SPECIES,,MANUSCRIPT,INFORMAL,f,,,Dysopes,,sp.Cretzschmar,,,{},{},,{},{},,,,,,,,,
399,,Nycticeinops sp.,,SPECIES,,,INFORMAL,f,,,Nycticeinops,,,,,{},{},,{},{},,,,,,,,,
265,,Rhinolophus sp.Martin,,SPECIES,,MANUSCRIPT,INFORMAL,f,,,Rhinolophus,,sp.Martin,,,{},{},,{},{},,,,,,,,,
22,,Taphozous sp.E,,SPECIES,,MANUSCRIPT,INFORMAL,f,,,Taphozous,,sp.E,,,{},{},,{},{},,,,,,,,,
327,,Kerivoula sp.Thomas,,SPECIES,,MANUSCRIPT,INFORMAL,f,,,Kerivoula,,sp.Thomas,,,{},{},,{},{},,,,,,,,,
337,,Mimetillus,,GENUS,,,SCIENTIFIC,f,,Mimetillus,,,,,,{},{},,{},{},,,,,,,,,
448,,Rhinonycteridae,"Gray, 1866",FAMILY,ZOOLOGICAL,,SCIENTIFIC,f,,Rhinonycteridae,,,,,,{},{},,{Gray},{},1866,,,,,,,,
32,,Cloeotis,,GENUS,,,SCIENTIFIC,f,,Cloeotis,,,,,,{},{},,{},{},,,,,,,,,
255,,Pteropodiformi,"Hutcheon & Kirsch, 2006",SUBORDER,ZOOLOGICAL,,SCIENTIFIC,f,,Pteropodiformi,,,,,,{},{},,"{Hutcheon,Kirsch}",{},2006,,,,,,,,
409,,"Pipistrellus sp. hesperidus(Temminck 1840(Temminck,1840)hesperidus(Temminck 1840",,SPECIES,,,INFORMAL,f,,,Pipistrellus,,,,,{},{},,{},{},,,,,,,"hesperidus(Temminck 1840(Temminck,1840)hesperidus(Temminck 1840",,
104,,Chaerephon sp.J,,SPECIES,,MANUSCRIPT,INFORMAL,f,,,Chaerephon,,sp.J,,,{},{},,{},{},,,,,,,,,
183,,Pteropus sp.,,SPECIES,,,INFORMAL,f,,,Pteropus,,,,,{},{},,{},{},,,,,,,,,
439,,Chiroptera,,ORDER,,,SCIENTIFIC,f,,Chiroptera,,,,,,{},{},,{},{},,,,,,,,,
176,,Eidolon,,GENUS,,,SCIENTIFIC,f,,Eidolon,,,,,,{},{},,{},{},,,,,,,,,
111,,"Mops (Mops) sp. sp.condylurus(A.Smith 1833(A.Smith,1833)condylurus(A.Smith 1833",,SPECIES,,,INFORMAL,f,,,Mops,Mops,,,,{},{},,{},{},,,,,,,"sp.condylurus(A.Smith 1833(A.Smith,1833)condylurus(A.Smith 1833",,
416,,Scotoecus,,GENUS,,,SCIENTIFIC,f,,Scotoecus,,,,,,{},{},,{},{},,,,,,,,,
248,,Scotonycteris sp.Hassanin,,SPECIES,,MANUSCRIPT,INFORMAL,f,,,Scotonycteris,,sp.Hassanin,,,{},{},,{},{},,,,,,,,,
39,,"Doryrhina sp. cyclops(Temminck 1853(Temminck,1853)cyclops(Temminck 1853",,SPECIES,,,INFORMAL,f,,,Doryrhina,,,,,{},{},,{},{},,,,,,,"cyclops(Temminck 1853(Temminck,1853)cyclops(Temminck 1853",,
344,,"Miniopterus sp. natalensis(A.Smith 1833(A.Smith,1833)natalensis(A.Smith 1833",,SPECIES,,,INFORMAL,f,,,Miniopterus,,,,,{},{},,{},{},,,,,,,"natalensis(A.Smith 1833(A.Smith,1833)natalensis(A.Smith 1833",,
320,,Kerivoula,"Gray, 1842",GENUS,ZOOLOGICAL,,SCIENTIFIC,f,,Kerivoula,,,,,,{},{},,{Gray},{},1842,,,,,,,,
15,,"Saccolaimus sp. peli(Temminck 1853(Temminck,1853)peli(Temminck 1853",,SPECIES,,,INFORMAL,f,,,Saccolaimus,,,,,{},{},,{},{},,,,,,,"peli(Temminck 1853(Temminck,1853)peli(Temminck 1853",,
272,,Rhinolophus sp.Cretzschmar,,SPECIES,,MANUSCRIPT,INFORMAL,f,,,Rhinolophus,,sp.Cretzschmar,,,{},{},,{},{},,,,,,,,,
392,,Petalia sp.K,,SPECIES,,MANUSCRIPT,INFORMAL,f,,,Petalia,,sp.K,,,{},{},,{},{},,,,,,,,,
87,,Nyctinomus sp.A,,SPECIES,,MANUSCRIPT,INFORMAL,f,,,Nyctinomus,,sp.A,,,{},{},,{},{},,,,,,,,,
200,,Epomophorus sp.Tomes,,SPECIES,,MANUSCRIPT,INFORMAL,f,,,Epomophorus,,sp.Tomes,,,{},{},,{},{},,,,,,,,,
159,,"Tadarida (Tadarida) sp. sp.fulminans(Thomas 1903(Thomas,1903)fulminans(Thomas 1903",,SPECIES,,,INFORMAL,f,,,Tadarida,Tadarida,,,,{},{},,{},{},,,,,,,"sp.fulminans(Thomas 1903(Thomas,1903)fulminans(Thomas 1903",,
128,,Mops (Mops) sp.J,,SPECIES,,MANUSCRIPT,INFORMAL,f,,,Mops,Mops,sp.J,,,{},{},,{},{},,,,,,,,,
433,,Scotophilus sp.Thomas,,SPECIES,,MANUSCRIPT,INFORMAL,f,,,Scotophilus,,sp.Thomas,,,{},{},,{},{},,,,,,,,,
231,,Nanonycteris sp.Thomas,,SPECIES,,MANUSCRIPT,INFORMAL,f,,,Nanonycteris,,sp.Thomas,,,{},{},,{},{},,,,,,,,,
56,,Hipposideros sp.J,,SPECIES,,MANUSCRIPT,INFORMAL,f,,,Hipposideros,,sp.J,,,{},{},,{},{},,,,,,,,,
361,,Scotophilus sp.Gray,,SPECIES,,MANUSCRIPT,INFORMAL,f,,,Scotophilus,,sp.Gray,,,{},{},,{},{},,,,,,,,,
303,,Glauconycteris sp.Thomas,,SPECIES,,MANUSCRIPT,INFORMAL,f,,,Glauconycteris,,sp.Thomas,,,{},{},,{},{},,,,,,,,,
289,,Chalinolobus sp.Dobson,,SPECIES,,MANUSCRIPT,INFORMAL,f,,,Chalinolobus,,sp.Dobson,,,{},{},,{},{},,,,,,,,,
375,,Pipistrellus sp.Thomas,,SPECIES,,MANUSCRIPT,INFORMAL,f,,,Pipistrellus,,sp.Thomas,,,{},{},,{},{},,,,,,,,,
70,,"Tadarida (Tadarida) sp. sp.brunnea(Seabra 1900(Seabra,1900)brunnea(Seabra 1900",,SPECIES,,,INFORMAL,f,,,Tadarida,Tadarida,,,,{},{},,{},{},,,,,,,"sp.brunnea(Seabra 1900(Seabra,1900)brunnea(Seabra 1900",,
217,,"Rousettus (Lissonycteris) sp. sp.angolensis(Bocage 1898(Bocage,1898)angolensis(Bocage 1898",,SPECIES,,,INFORMAL,f,,,Rousettus,Lissonycteris,,,,{},{},,{},{},,,,,,,"sp.angolensis(Bocage 1898(Bocage,1898)angolensis(Bocage 1898",,
142,,"Mops (Xiphonycteris) sp. sp.thersites(Thomas 1903(Thomas,1903)thersites(Thomas 1903",,SPECIES,,,INFORMAL,f,,,Mops,Xiphonycteris,,,,{},{},,{},{},,,,,,,"sp.thersites(Thomas 1903(Thomas,1903)thersites(Thomas 1903",,
145,,"Tadarida (Mops) sp. sp.nanula(J.A.Allen 1917(J.A.Allen,1917)nanula(J.A.Allen 1917",,SPECIES,,,INFORMAL,f,,,Tadarida,Mops,,,,{},{},,{},{},,,,,,,"sp.nanula(J.A.Allen 1917(J.A.Allen,1917)nanula(J.A.Allen 1917",,
214,,Myonycteris,,GENUS,,,SCIENTIFIC,f,,Myonycteris,,,,,,{},{},,{},{},,,,,,,,,
73,,Nyctinomus sp.Thomas,,SPECIES,,MANUSCRIPT,INFORMAL,f,,,Nyctinomus,,sp.Thomas,,,{},{},,{},{},,,,,,,,,
378,,"Neoromicia sp. rendalli(Thomas 1889(Thomas,1889)rendalli(Thomas 1889",,SPECIES,,,INFORMAL,f,,,Neoromicia,,,,,{},{},,{},{},,,,,,,"rendalli(Thomas 1889(Thomas,1889)rendalli(Thomas 1889",,
286,,Vespertilionidae,"Gray, 1821",FAMILY,ZOOLOGICAL,,SCIENTIFIC,f,,Vespertilionidae,,,,,,{},{},,{Gray},{},1821,,,,,,,,
1,,Animalia,,KINGDOM,,,SCIENTIFIC,f,,Animalia,,,,,,{},{},,{},{},,,,,,,,,
306,,Glauconycteris sp.Hayman,,SPECIES,,MANUSCRIPT,INFORMAL,f,,,Glauconycteris,,sp.Hayman,,,{},{},,{},{},,,,,,,,,
358,,Vespertilio sp.Temminck,,SPECIES,,MANUSCRIPT,INFORMAL,f,,,Vespertilio,,sp.Temminck,,,{},{},,{},{},,,,,,,,,
53,,Hipposideros sp.K,,SPECIES,,MANUSCRIPT,INFORMAL,f,,,Hipposideros,,sp.K,,,{},{},,{},{},,,,,,,,,
430,,Vespertilio,"Nigrita Schreber, 1774",GENUS,ZOOLOGICAL,,SCIENTIFIC,f,,Vespertilio,,,,,,{},{},,"{""Nigrita Schreber""}",{},1774,,,,,,,,
125,,Tadarida (Mops) sp.J,,SPECIES,,MANUSCRIPT,INFORMAL,f,,,Tadarida,Mops,sp.J,,,{},{},,{},{},,,,,,,,,
162,,Nyctinomus (Dysopes) sp.Heuglin,,SPECIES,,MANUSCRIPT,INFORMAL,f,,,Nyctinomus,Dysopes,sp.Heuglin,,,{},{},,{},{},,,,,,,,,
197,,Epomophorus,"Dobsonii Bocage, 1889",GENUS,ZOOLOGICAL,,SCIENTIFIC,f,,Epomophorus,,,,,,{},{},,"{""Dobsonii Bocage""}",{},1889,,,,,,,,
90,,Nyctinomus (Nyctinomus) sp.Gunther,,SPECIES,,MANUSCRIPT,INFORMAL,f,,,Nyctinomus,Nyctinomus,sp.Gunther,,,{},{},,{},{},,,,,,,,,
395,,"Nycticeinops sp. schlieffenii(Peters 1859(Peters,1859)schlieffenii(Peters 1859",,SPECIES,,,INFORMAL,f,,,Nycticeinops,,,,,{},{},,{},{},,,,,,,"schlieffenii(Peters 1859(Peters,1859)schlieffenii(Peters 1859",,
269,,Rhinolophus sp.Peters,,SPECIES,,MANUSCRIPT,INFORMAL,f,,,Rhinolophus,,sp.Peters,,,{},{},,{},{},,,,,,,,,
18,,"Taphozous (Liponycteris) sp. sp.nudiventris(Cretzschmar 1830(Cretzschmar,1830)nudiventris(Cretzschmar 1830",,SPECIES,,,INFORMAL,f,,,Taphozous,Liponycteris,,,,{},{},,{},{},,,,,,,"sp.nudiventris(Cretzschmar 1830(Cretzschmar,1830)nudiventris(Cretzschmar 1830",,
323,,"Kerivoula sp. lanosa(A.Smith 1847(A.Smith,1847)lanosa(A.Smith 1847",,SPECIES,,,INFORMAL,f,,,Kerivoula,,,,,{},{},,{},{},,,,,,,"lanosa(A.Smith 1847(A.Smith,1847)lanosa(A.Smith 1847",,
341,,Mimetillus sp.Hinton,,SPECIES,,MANUSCRIPT,INFORMAL,f,,,Mimetillus,,sp.Hinton,,,{},{},,{},{},,,,,,,,,
36,,"Doryrhina sp. cyclops(Temminck 1853(Temminck,1853)cyclops(Temminck 1853",,SPECIES,,,INFORMAL,f,,,Doryrhina,,,,,{},{},,{},{},,,,,,,"cyclops(Temminck 1853(Temminck,1853)cyclops(Temminck 1853",,
251,,"Stenonycteris sp. lanosus(Thomas 1906(Thomas,1906)lanosus(Thomas 1906",,SPECIES,,,INFORMAL,f,,,Stenonycteris,,,,,{},{},,{},{},,,,,,,"lanosus(Thomas 1906(Thomas,1906)lanosus(Thomas 1906",,
413,,"Pipistrellus sp. rueppellii(Fischer 1829(Fischer,1829)rueppellii(Fischer 1829",,SPECIES,,,INFORMAL,f,,,Pipistrellus,,,,,{},{},,{},{},,,,,,,"rueppellii(Fischer 1829(Fischer,1829)rueppellii(Fischer 1829",,
108,,"Mops (Mops) sp. sp.condylurus(A.Smith 1833(A.Smith,1833)condylurus(A.Smith 1833",,SPECIES,,,INFORMAL,f,,,Mops,Mops,,,,{},{},,{},{},,,,,,,"sp.condylurus(A.Smith 1833(A.Smith,1833)condylurus(A.Smith 1833",,
179,,Epomophorus,"Bennett, 1836",GENUS,ZOOLOGICAL,,SCIENTIFIC,f,,Epomophorus,,,,,,{},{},,{Bennett},{},1836,,,,,,,,
436,,Metazoa,,KINGDOM,,,SCIENTIFIC,f,,Metazoa,,,,,,{},{},,{},{},,,,,,,,,
180,,"Epomophorus sp. labiatus(Temminck 1837(Temminck,1837)labiatus(Temminck 1837",,SPECIES,,,INFORMAL,f,,,Epomophorus,,,,,{},{},,{},{},,,,,,,"labiatus(Temminck 1837(Temminck,1837)labiatus(Temminck 1837",,
107,,Mops,,GENUS,,,SCIENTIFIC,f,,Mops,,,,,,{},{},,{},{},,,,,,,,,
412,,Vespertilio,"Ruppelii J.B.Fischer, 1826",GENUS,ZOOLOGICAL,,SCIENTIFIC,f,,Vespertilio,,,,,,{},{},,"{""Ruppelii J.B.Fischer""}",{},1826,,,,,,,,
252,,Rousettus (Stenonycteris) sp.Thomas,,SPECIES,,MANUSCRIPT,INFORMAL,f,,,Rousettus,Stenonycteris,sp.Thomas,,,{},{},,{},{},,,,,,,,,
35,,Doryrhina,"Peters, 1871",GENUS,ZOOLOGICAL,,SCIENTIFIC,f,,Doryrhina,,,,,,{},{},,{Peters},{},1871,,,,,,,,
340,,"Mimetillus sp. moloneyi(Thomas 1891(Thomas,1891)moloneyi(Thomas 1891",,SPECIES,,,INFORMAL,f,,,Mimetillus,,,,,{},{},,{},{},,,,,,,"moloneyi(Thomas 1891(Thomas,1891)moloneyi(Thomas 1891",,
324,,Kerivoula sp.Tomes,,SPECIES,,MANUSCRIPT,INFORMAL,f,,,Kerivoula,,sp.Tomes,,,{},{},,{},{},,,,,,,,,
19,,Taphozous sp.E,,SPECIES,,MANUSCRIPT,INFORMAL,f,,,Taphozous,,sp.E,,,{},{},,{},{},,,,,,,,,
268,,"Rhinolophus sp.Fahr &Kerbis Peterhans,2013",,SPECIES,,MANUSCRIPT,INFORMAL,f,,,Rhinolophus,,sp.Fahr,,,{},{},,{},{},,,,,,,"&Kerbis Peterhans,2013",,
396,,"Nycticeinops sp. schlieffenii(Peters 1860(Peters,1860)schlieffenii(Peters 1860",,SPECIES,,,INFORMAL,f,,,Nycticeinops,,,,,{},{},,{},{},,,,,,,"schlieffenii(Peters 1860(Peters,1860)schlieffenii(Peters 1860",,
91,,"Tadarida (Chaerephon) sp. sp.major(Trouessart 1897(Trouessart,1897)major(Trouessart 1897",,SPECIES,,,INFORMAL,f,,,Tadarida,Chaerephon,,,,{},{},,{},{},,,,,,,"sp.major(Trouessart 1897(Trouessart,1897)major(Trouessart 1897",,
196,,"Epomops sp. dobsonii(Bocage 1889(Bocage,1889)dobsonii(Bocage 1889",,SPECIES,,,INFORMAL,f,,,Epomops,,,,,{},{},,{},{},,,,,,,"dobsonii(Bocage 1889(Bocage,1889)dobsonii(Bocage 1889",,
163,,"Tadarida (Tadarida) sp. sp.africana(Dobson 1876(Dobson,1876)africana(Dobson 1876",,SPECIES,,,INFORMAL,f,,,Tadarida,Tadarida,,,,{},{},,{},{},,,,,,,"sp.africana(Dobson 1876(Dobson,1876)africana(Dobson 1876",,
124,,Mops sp.J,,SPECIES,,MANUSCRIPT,INFORMAL,f,,,Mops,,sp.J,,,{},{},,{},{},,,,,,,,,
429,,"Scotophilus sp. nigrita(Schreber 1774(Schreber,1774)nigrita(Schreber 1774",,SPECIES,,,INFORMAL,f,,,Scotophilus,,,,,{},{},,{},{},,,,,,,"nigrita(Schreber 1774(Schreber,1774)nigrita(Schreber 1774",,
235,,Nanonycteris sp.Thomas,,SPECIES,,MANUSCRIPT,INFORMAL,f,,,Nanonycteris,,sp.Thomas,,,{},{},,{},{},,,,,,,,,
52,,Hipposideros sp.J,,SPECIES,,MANUSCRIPT,INFORMAL,f,,,Hipposideros,,sp.J,,,{},{},,{},{},,,,,,,,,
357,,"Myotis sp. tricolor(Temminck 1832(Temminck,1832)tricolor(Temminck 1832",,SPECIES,,,INFORMAL,f,,,Myotis,,,,,{},{},,{},{},,,,,,,"tricolor(Temminck 1832(Temminck,1832)tricolor(Temminck 1832",,
307,,Hypsugo,,GENUS,,,SCIENTIFIC,f,,Hypsugo,,,,,,{},{},,{},{},,,,,,,,,
2,,Chordata,"Gray, 1821",PHYLUM,ZOOLOGICAL,,SCIENTIFIC,f,,Chordata,,,,,,{},{},,{Gray},{},1821,,,,,,,,
285,,Rhinolophus sp.Ruppell,,SPECIES,,MANUSCRIPT,INFORMAL,f,,,Rhinolophus,,sp.Ruppell,,,{},{},,{},{},,,,,,,,,
379,,"Eptesicus sp. rendalli(Thomas 1889(Thomas,1889)rendalli(Thomas 1889",,SPECIES,,,INFORMAL,f,,,Eptesicus,,,,,{},{},,{},{},,,,,,,"rendalli(Thomas 1889(Thomas,1889)rendalli(Thomas 1889",,
74,,"Tadarida (Tadarida) sp. sp.ansorgei(Thomas 1913(Thomas,1913)ansorgei(Thomas 1913",,SPECIES,,,INFORMAL,f,,,Tadarida,Tadarida,,,,{},{},,{},{},,,,,,,"sp.ansorgei(Thomas 1913(Thomas,1913)ansorgei(Thomas 1913",,
213,,Micropteropus sp.Hayman,,SPECIES,,MANUSCRIPT,INFORMAL,f,,,Micropteropus,,sp.Hayman,,,{},{},,{},{},,,,,,,,,
146,,Mops (Xiphonycteris) sp.J,,SPECIES,,MANUSCRIPT,INFORMAL,f,,,Mops,Xiphonycteris,sp.J,,,{},{},,{},{},,,,,,,,,
141,,"Tadarida (Mops) sp. sp.thersites(Thomas 1903(Thomas,1903)thersites(Thomas 1903",,SPECIES,,,INFORMAL,f,,,Tadarida,Mops,,,,{},{},,{},{},,,,,,,"sp.thersites(Thomas 1903(Thomas,1903)thersites(Thomas 1903",,
218,,"Myonycteris sp. angolensis(Bocage 1898(Bocage,1898)angolensis(Bocage 1898",,SPECIES,,,INFORMAL,f,,,Myonycteris,,,,,{},{},,{},{},,,,,,,"angolensis(Bocage 1898(Bocage,1898)angolensis(Bocage 1898",,
69,,"Tadarida (Chaerephon) sp. sp.aloysii-sabaudiae(Festa 1907(Festa,1907)aloysii-sabaudiae(Festa 1907",,SPECIES,,,INFORMAL,f,,,Tadarida,Chaerephon,,,,{},{},,{},{},,,,,,,"sp.aloysii-sabaudiae(Festa 1907(Festa,1907)aloysii-sabaudiae(Festa 1907",,
374,,"Neoromicia sp. nana(Peters 1852(Peters,1852)nana(Peters 1852",,SPECIES,,,INFORMAL,f,,,Neoromicia,,,,,{},{},,{},{},,,,,,,"nana(Peters 1852(Peters,1852)nana(Peters 1852",,
290,,"Glauconycteris sp. argentata(Dobson 1875(Dobson,1875)argentata(Dobson 1875",,SPECIES,,,INFORMAL,f,,,Glauconycteris,,,,,{},{},,{},{},,,,,,,"argentata(Dobson 1875(Dobson,1875)argentata(Dobson 1875",,
302,,Glauconycteris sp.J,,SPECIES,,MANUSCRIPT,INFORMAL,f,,,Glauconycteris,,sp.J,,,{},{},,{},{},,,,,,,,,
362,,Myotis sp.,,SPECIES,,,INFORMAL,f,,,Myotis,,,,,{},{},,{},{},,,,,,,,,
57,,Megadermatidae,"H.Allen, 1864",FAMILY,ZOOLOGICAL,,SCIENTIFIC,f,,Megadermatidae,,,,,,{},{},,{H.Allen},{},1864,,,,,,,,
230,,Pipistrellus sp.Smith,,SPECIES,,MANUSCRIPT,INFORMAL,f,,,Pipistrellus,,sp.Smith,,,{},{},,{},{},,,,,,,,,
434,,Vespertilionidae,"Gray, 1821",FAMILY,ZOOLOGICAL,,SCIENTIFIC,f,,Vespertilionidae,,,,,,{},{},,{Gray},{},1821,,,,,,,,
129,,"Mops sp.Cabrera (Mops)&Ruxton,1926",,SPECIES,,MANUSCRIPT,INFORMAL,f,,,Mops,,sp.Cabrera,,,{},{},,{},{},,,,,,,"(Mops)&Ruxton,1926",,
158,,Nyctinomus sp.Thomas,,SPECIES,,MANUSCRIPT,INFORMAL,f,,,Nyctinomus,,sp.Thomas,,,{},{},,{},{},,,,,,,,,
201,,"Epomops sp. franqueti(Tomes 1860(Tomes,1860)franqueti(Tomes 1860",,SPECIES,,,INFORMAL,f,,,Epomops,,,,,{},{},,{},{},,,,,,,"franqueti(Tomes 1860(Tomes,1860)franqueti(Tomes 1860",,
86,,"Chaerephon sp. leucogaster(A.Grandidier 1869(A.Grandidier,1869)leucogaster(A.Grandidier 1869",,SPECIES,,,INFORMAL,f,,,Chaerephon,,,,,{},{},,{},{},,,,,,,"leucogaster(A.Grandidier 1869(A.Grandidier,1869)leucogaster(A.Grandidier 1869",,
391,,Neoromicia sp.,,SPECIES,,,INFORMAL,f,,,Neoromicia,,,,,{},{},,{},{},,,,,,,,,
273,,Rhinolophus sp.Peters,,SPECIES,,MANUSCRIPT,INFORMAL,f,,,Rhinolophus,,sp.Peters,,,{},{},,{},{},,,,,,,,,
14,,Taphozous sp.Temminck,,SPECIES,,MANUSCRIPT,INFORMAL,f,,,Taphozous,,sp.Temminck,,,{},{},,{},{},,,,,,,,,
319,,Hypsugo sp.Hill,,SPECIES,,MANUSCRIPT,INFORMAL,f,,,Hypsugo,,sp.Hill,,,{},{},,{},{},,,,,,,,,
345,,Vespertilio,"Natalensis A.Smith, 1833",GENUS,ZOOLOGICAL,,SCIENTIFIC,f,,Vespertilio,,,,,,{},{},,"{""Natalensis A.Smith""}",{},1833,,,,,,,,
40,,Hipposideros,"Gray, 1831",GENUS,ZOOLOGICAL,,SCIENTIFIC,f,,Hipposideros,,,,,,{},{},,{Gray},{},1831,,,,,,,,
247,,Scotonycteris,,GENUS,,,SCIENTIFIC,f,,Scotonycteris,,,,,,{},{},,{},{},,,,,,,,,
417,,"Scotoecus sp. albofuscus(Thomas 1890(Thomas,1890)albofuscus(Thomas 1890",,SPECIES,,,INFORMAL,f,,,Scotoecus,,,,,{},{},,{},{},,,,,,,"albofuscus(Thomas 1890(Thomas,1890)albofuscus(Thomas 1890",,
112,,"Mops (Mops) sp. sp.demonstrator(Thomas 1903(Thomas,1903)demonstrator(Thomas 1903",,SPECIES,,,INFORMAL,f,,,Mops,Mops,,,,{},{},,{},{},,,,,,,"sp.demonstrator(Thomas 1903(Thomas,1903)demonstrator(Thomas 1903",,
175,,Casinycteris sp.Thomas,,SPECIES,,MANUSCRIPT,INFORMAL,f,,,Casinycteris,,sp.Thomas,,,{},{},,{},{},,,,,,,,,
440,,Hipposideridae,,FAMILY,,,SCIENTIFIC,f,,Hipposideridae,,,,,,{},{},,{},{},,,,,,,,,
184,,"Epomophorus sp. wahlbergi(Sundevall 1846(Sundevall,1846)wahlbergi(Sundevall 1846",,SPECIES,,,INFORMAL,f,,,Epomophorus,,,,,{},{},,{},{},,,,,,,"wahlbergi(Sundevall 1846(Sundevall,1846)wahlbergi(Sundevall 1846",,
103,,Chaerephon sp.J,,SPECIES,,MANUSCRIPT,INFORMAL,f,,,Chaerephon,,sp.J,,,{},{},,{},{},,,,,,,,,
408,,Vespertilio sp.Temminck,,SPECIES,,MANUSCRIPT,INFORMAL,f,,,Vespertilio,,sp.Temminck,,,{},{},,{},{},,,,,,,,,
256,,Chiroptera,"Hutcheon & Kirsch, 2006",SUBORDER,ZOOLOGICAL,,SCIENTIFIC,f,,Chiroptera,,,,,,{},{},,"{Hutcheon,Kirsch}",{},2006,,,,,,,,
31,,Petalia sp.K,,SPECIES,,MANUSCRIPT,INFORMAL,f,,,Petalia,,sp.K,,,{},{},,{},{},,,,,,,,,
336,,Laephotis sp.Setzer,,SPECIES,,MANUSCRIPT,INFORMAL,f,,,Laephotis,,sp.Setzer,,,{},{},,{},{},,,,,,,,,
328,,Kerivoula sp.Thomas,,SPECIES,,MANUSCRIPT,INFORMAL,f,,,Kerivoula,,sp.Thomas,,,{},{},,{},{},,,,,,,,,
23,,Taphozous sp.E,,SPECIES,,MANUSCRIPT,INFORMAL,f,,,Taphozous,,sp.E,,,{},{},,{},{},,,,,,,,,
264,,Rhinolophus sp.K,,SPECIES,,MANUSCRIPT,INFORMAL,f,,,Rhinolophus,,sp.K,,,{},{},,{},{},,,,,,,,,
400,,Vespertilio sp.Schreber,,SPECIES,,MANUSCRIPT,INFORMAL,f,,,Vespertilio,,sp.Schreber,,,{},{},,{},{},,,,,,,,,
95,,"Tadarida (Chaerephon) sp. sp.pumila(Cretzschmar 1826(Cretzschmar,1826)pumila(Cretzschmar 1826",,SPECIES,,,INFORMAL,f,,,Tadarida,Chaerephon,,,,{},{},,{},{},,,,,,,"sp.pumila(Cretzschmar 1826(Cretzschmar,1826)pumila(Cretzschmar 1826",,
192,,Epomophorus sp.Peters,,SPECIES,,MANUSCRIPT,INFORMAL,f,,,Epomophorus,,sp.Peters,,,{},{},,{},{},,,,,,,,,
167,,Nycteris,"G.Cuvier & E.Geoffroy, 1795",GENUS,ZOOLOGICAL,,SCIENTIFIC,f,,Nycteris,,,,,,{},{},,"{G.Cuvier,E.Geoffroy}",{},1795,,,,,,,,
120,,Tadarida (Mops) sp.J,,SPECIES,,MANUSCRIPT,INFORMAL,f,,,Tadarida,Mops,sp.J,,,{},{},,{},{},,,,,,,,,
425,,"Scotophilus sp. dinganii(A.Smith 1833(A.Smith,1833)dinganii(A.Smith 1833",,SPECIES,,,INFORMAL,f,,,Scotophilus,,,,,{},{},,{},{},,,,,,,"dinganii(A.Smith 1833(A.Smith,1833)dinganii(A.Smith 1833",,
239,,Plerotes,,GENUS,,,SCIENTIFIC,f,,Plerotes,,,,,,{},{},,{},{},,,,,,,,,
48,,"Hipposideros sp. ruber(Noack 1893(Noack,1893)ruber(Noack 1893",,SPECIES,,,INFORMAL,f,,,Hipposideros,,,,,{},{},,{},{},,,,,,,"ruber(Noack 1893(Noack,1893)ruber(Noack 1893",,
353,,Myotis,,GENUS,,,SCIENTIFIC,f,,Myotis,,,,,,{},{},,{},{},,,,,,,,,
311,,"Hypsugo sp. cf.eisentrauti(Hill 1968(Hill,1968)cf.eisentrauti(Hill 1968",,SPECIES,,,INFORMAL,f,,,Hypsugo,,,,,{},{},,{},{},,,,,,,"cf.eisentrauti(Hill 1968(Hill,1968)cf.eisentrauti(Hill 1968",,
6,,Emballonuridae,,FAMILY,,,SCIENTIFIC,f,,Emballonuridae,,,,,,{},{},,{},{},,,,,,,,,
281,,Rhinolophus sp.Cretzschmar,,SPECIES,,MANUSCRIPT,INFORMAL,f,,,Rhinolophus,,sp.Cretzschmar,,,{},{},,{},{},,,,,,,,,
383,,"Neoromicia sp. somalica(Thomas 1901(Thomas,1901)somalica(Thomas 1901",,SPECIES,,,INFORMAL,f,,,Neoromicia,,,,,{},{},,{},{},,,,,,,"somalica(Thomas 1901(Thomas,1901)somalica(Thomas 1901",,
78,,"Tadarida (Tadarida) sp. sp.cistura(Thomas 1903(Thomas,1903)cistura(Thomas 1903",,SPECIES,,,INFORMAL,f,,,Tadarida,Tadarida,,,,{},{},,{},{},,,,,,,"sp.cistura(Thomas 1903(Thomas,1903)cistura(Thomas 1903",,
209,,"Micropteropus sp. pusillus(Peters 1867(Peters,1867)pusillus(Peters 1867",,SPECIES,,,INFORMAL,f,,,Micropteropus,,,,,{},{},,{},{},,,,,,,"pusillus(Peters 1867(Peters,1867)pusillus(Peters 1867",,
150,,"Myopterus sp. whitleyi(Scharff 1900(Scharff,1900)whitleyi(Scharff 1900",,SPECIES,,,INFORMAL,f,,,Myopterus,,,,,{},{},,{},{},,,,,,,"whitleyi(Scharff 1900(Scharff,1900)whitleyi(Scharff 1900",,
137,,Xiphonycteris sp.Dollman,,SPECIES,,MANUSCRIPT,INFORMAL,f,,,Xiphonycteris,,sp.Dollman,,,{},{},,{},{},,,,,,,,,
222,,Myonycteris sp.Bergmans,,SPECIES,,MANUSCRIPT,INFORMAL,f,,,Myonycteris,,sp.Bergmans,,,{},{},,{},{},,,,,,,,,
65,,Molossidae,"Gervais, 1856",FAMILY,ZOOLOGICAL,,SCIENTIFIC,f,,Molossidae,,,,,,{},{},,{Gervais},{},1856,,,,,,,,
370,,"Neoromicia sp. capensis(A.Smith 1829(A.Smith,1829)capensis(A.Smith 1829",,SPECIES,,,INFORMAL,f,,,Neoromicia,,,,,{},{},,{},{},,,,,,,"capensis(A.Smith 1829(A.Smith,1829)capensis(A.Smith 1829",,
294,,"Glauconycteris sp. variegata(Tomes 1861(Tomes,1861)variegata(Tomes 1861",,SPECIES,,,INFORMAL,f,,,Glauconycteris,,,,,{},{},,{},{},,,,,,,"variegata(Tomes 1861(Tomes,1861)variegata(Tomes 1861",,
298,,"Glauconycteris sp.Eger &Schlitter,2001",,SPECIES,,MANUSCRIPT,INFORMAL,f,,,Glauconycteris,,sp.Eger,,,{},{},,{},{},,,,,,,"&Schlitter,2001",,
366,,"Neoromicia sp. brunnea(Thomas 1880(Thomas,1880)brunnea(Thomas 1880",,SPECIES,,,INFORMAL,f,,,Neoromicia,,,,,{},{},,{},{},,,,,,,"brunnea(Thomas 1880(Thomas,1880)brunnea(Thomas 1880",,
61,,"Cardioderma sp. cor(Peters 1872(Peters,1872)cor(Peters 1872",,SPECIES,,,INFORMAL,f,,,Cardioderma,,,,,{},{},,{},{},,,,,,,"cor(Peters 1872(Peters,1872)cor(Peters 1872",,
226,,Epomophorus sp.Jentink,,SPECIES,,MANUSCRIPT,INFORMAL,f,,,Epomophorus,,sp.Jentink,,,{},{},,{},{},,,,,,,,,
133,,Dysopes sp.Peters,,SPECIES,,MANUSCRIPT,INFORMAL,f,,,Dysopes,,sp.Peters,,,{},{},,{},{},,,,,,,,,
154,,Nyctinomus sp.,,SPECIES,,,INFORMAL,f,,,Nyctinomus,,,,,{},{},,{},{},,,,,,,,,
205,,Megaloglossus,,GENUS,,,SCIENTIFIC,f,,Megaloglossus,,,,,,{},{},,{},{},,,,,,,,,
82,,"Chaerephon sp. bivittatus(Heuglin 1861(Heuglin,1861)bivittatus(Heuglin 1861",,SPECIES,,,INFORMAL,f,,,Chaerephon,,,,,{},{},,{},{},,,,,,,"bivittatus(Heuglin 1861(Heuglin,1861)bivittatus(Heuglin 1861",,
387,,"Neoromicia sp. tenuipinnis(Peters 1872(Peters,1872)tenuipinnis(Peters 1872",,SPECIES,,,INFORMAL,f,,,Neoromicia,,,,,{},{},,{},{},,,,,,,"tenuipinnis(Peters 1872(Peters,1872)tenuipinnis(Peters 1872",,
277,,Rhinolophus sp.J,,SPECIES,,MANUSCRIPT,INFORMAL,f,,,Rhinolophus,,sp.J,,,{},{},,{},{},,,,,,,,,
10,,"Coleura sp. afra(Peters 1852(Peters,1852)afra(Peters 1852",,SPECIES,,,INFORMAL,f,,,Coleura,,,,,{},{},,{},{},,,,,,,"afra(Peters 1852(Peters,1852)afra(Peters 1852",,
315,,"Hypsugo sp. crassulus(Thomas 1904(Thomas,1904)crassulus(Thomas 1904",,SPECIES,,,INFORMAL,f,,,Hypsugo,,,,,{},{},,{},{},,,,,,,"crassulus(Thomas 1904(Thomas,1904)crassulus(Thomas 1904",,
349,,"Miniopterus sp.Thomas &Schwannn,1906",,SPECIES,,MANUSCRIPT,INFORMAL,f,,,Miniopterus,,sp.Thomas,,,{},{},,{},{},,,,,,,"&Schwannn,1906",,
44,,"Hipposideros sp. caffer(Sundevall 1846(Sundevall,1846)caffer(Sundevall 1846",,SPECIES,,,INFORMAL,f,,,Hipposideros,,,,,{},{},,{},{},,,,,,,"caffer(Sundevall 1846(Sundevall,1846)caffer(Sundevall 1846",,
243,,Rousettus,"Gray, 1821",GENUS,ZOOLOGICAL,,SCIENTIFIC,f,,Rousettus,,,,,,{},{},,{Gray},{},1821,,,,,,,,
116,,"Mops (Mops) sp. sp.midas(Sundevall 1843(Sundevall,1843)midas(Sundevall 1843",,SPECIES,,,INFORMAL,f,,,Mops,Mops,,,,{},{},,{},{},,,,,,,"sp.midas(Sundevall 1843(Sundevall,1843)midas(Sundevall 1843",,
171,,Pteropodidae,"Gray, 1821",FAMILY,ZOOLOGICAL,,SCIENTIFIC,f,,Pteropodidae,,,,,,{},{},,{Gray},{},1821,,,,,,,,
444,,"Macronycteris sp. vittatus(Peters 1852(Peters,1852)vittatus(Peters 1852",,SPECIES,,,INFORMAL,f,,,Macronycteris,,,,,{},{},,{},{},,,,,,,"vittatus(Peters 1852(Peters,1852)vittatus(Peters 1852",,
188,,"Epomophorus sp.Bergmans &Van Strien,2004",,SPECIES,,MANUSCRIPT,INFORMAL,f,,,Epomophorus,,sp.Bergmans,,,{},{},,{},{},,,,,,,"&Van Strien,2004",,
99,,Chaerephon sp.J,,SPECIES,,MANUSCRIPT,INFORMAL,f,,,Chaerephon,,sp.J,,,{},{},,{},{},,,,,,,,,
404,,"Eptesicus sp. grandidieri(Dobson 1876(Dobson,1876)grandidieri(Dobson 1876",,SPECIES,,,INFORMAL,f,,,Eptesicus,,,,,{},{},,{},{},,,,,,,"grandidieri(Dobson 1876(Dobson,1876)grandidieri(Dobson 1876",,
260,,Rhinolophus sp.Gough,,SPECIES,,MANUSCRIPT,INFORMAL,f,,,Rhinolophus,,sp.Gough,,,{},{},,{},{},,,,,,,,,
27,,Rhinolophus sp.E,,SPECIES,,MANUSCRIPT,INFORMAL,f,,,Rhinolophus,,sp.E,,,{},{},,{},{},,,,,,,,,
332,,Laephotis,,GENUS,,,SCIENTIFIC,f,,Laephotis,,,,,,{},{},,{},{},,,,,,,,,
